"fcl","measuredItemCPC","level","predictions","consumable","mainFoodPct","mainFood"
15,"0111",0,0.0477723654223531,FALSE,0.0138996138996139,FALSE
16,"23110",1,0.810688875207409,TRUE,0.775897088693297,TRUE
17,"39120.01",1,0.0477723654223531,FALSE,0.910493827160494,FALSE
18,"23710",2,0.810688875207409,TRUE,0.202702702702703,FALSE
19,"23140.01",1,0.0477723654223531,FALSE,0.558292282430213,FALSE
20,"F0020",2,0.810688875207409,TRUE,0.283693224125093,FALSE
21,"23140.02",NA,0.810688875207409,TRUE,0.075,FALSE
22,"F0022",2,0.810688875207409,TRUE,0.207017543859649,FALSE
23,"23220.01",2,0.0477723654223531,FALSE,0.342857142857143,FALSE
24,"23220.02",2,0.0477723654223531,FALSE,0.255663430420712,FALSE
26,"24230.01",NA,0.810688875207409,TRUE,1,TRUE
27,"0113",0,0.0477723654223531,FALSE,0.0975206611570248,FALSE
28,"23162",1,0.810688875207409,TRUE,0.19893899204244,FALSE
29,"23161.01",2,0.810688875207409,TRUE,0.571428571428571,TRUE
31,"23161.02",1,0.810688875207409,TRUE,0.458274398868458,FALSE
32,"23161.03",2,0.810688875207409,TRUE,0.351236146632566,FALSE
33,"39130.01",3,0.0477723654223531,FALSE,1,FALSE
34,"23220.03",3,0.0477723654223531,FALSE,0.185416666666667,FALSE
35,"39120.02",1,0.0477723654223531,FALSE,0.866471734892788,FALSE
36,"21691.01",NA,0.810688875207409,TRUE,0.990476190476191,TRUE
37,"21910.01",NA,0.0477723654223531,FALSE,0.981308411214953,FALSE
38,"23120.01",3,0.810688875207409,TRUE,0.280334728033473,FALSE
39,"24230.02",NA,0.810688875207409,TRUE,0.414634146341463,FALSE
41,"23140.03",1,0.810688875207409,TRUE,0.158321060382916,FALSE
44,"0115",0,0.0477723654223531,FALSE,0.085024154589372,FALSE
45,"23140.04",1,0.810688875207409,TRUE,0.84297520661157,TRUE
46,"23140.05",2,0.810688875207409,TRUE,0.597647058823529,TRUE
47,"39120.03",1,0.0477723654223531,FALSE,0.964539007092199,FALSE
48,"23120.02",2,0.810688875207409,TRUE,0.605700712589074,TRUE
49,"24320",1,0.0477723654223531,FALSE,0.406368460955269,FALSE
50,"23999.01",2,0.810688875207409,TRUE,0.205955334987593,FALSE
51,"24310.01",1,0.810688875207409,TRUE,0.758053461274846,TRUE
56,"0112",0,0.0477723654223531,FALSE,0.0133146461107218,FALSE
57,"23140.06",1,0.0477723654223531,FALSE,0.722039473684211,FALSE
58,"23120.03",1,0.810688875207409,TRUE,0.808917197452229,TRUE
59,"39120.04",1,0.0477723654223531,FALSE,0.849100860046912,FALSE
60,"21691.02",2,0.810688875207409,TRUE,0.260434056761269,FALSE
61,"21910.02",2,0.0477723654223531,FALSE,0.770601336302895,FALSE
63,"39130.02",1,0.0477723654223531,FALSE,1,FALSE
64,"23220.04",1,0.0477723654223531,FALSE,0.335115864527629,FALSE
66,"24310.02",1,0.810688875207409,TRUE,1,TRUE
67,NA,NA,NA,NA,0,FALSE
71,"0116",0,0.0477723654223531,FALSE,0.0516962843295638,FALSE
72,"23120.04",1,0.810688875207409,TRUE,0.392817059483726,FALSE
73,"39120.05",1,0.0477723654223531,FALSE,0.979768786127168,FALSE
75,"0117",0,0.0477723654223531,FALSE,0.100389863547758,FALSE
76,"23140.07",1,0.810688875207409,TRUE,0.26447709593777,FALSE
77,"39120.06",1,0.0477723654223531,FALSE,0.997282608695652,FALSE
79,"0118",0,0.0477723654223531,FALSE,0.0443840579710145,FALSE
80,"23120.05",1,0.810688875207409,TRUE,0.98989898989899,TRUE
81,"39120.07",1,0.0477723654223531,FALSE,1,FALSE
82,"24310.03",NA,0.810688875207409,TRUE,0.984375,TRUE
83,"0114",0,0.0477723654223531,FALSE,0.0172910662824208,FALSE
84,"23120.06",1,0.810688875207409,TRUE,0.961995249406176,TRUE
85,"39120.08",1,0.0477723654223531,FALSE,1,FALSE
86,"24310.04",1,0.810688875207409,TRUE,1,TRUE
89,"01192",0,0.0477723654223531,FALSE,0.207278481012658,FALSE
90,"23120.07",1,0.810688875207409,TRUE,0.936507936507937,TRUE
91,"39120.09",1,0.0477723654223531,FALSE,1,FALSE
92,"01194",0,0.810688875207409,TRUE,1,TRUE
94,"01193",0,0.0477723654223531,FALSE,0,FALSE
95,"23120.08",1,0.810688875207409,TRUE,1,TRUE
96,"39120.10",1,0.0477723654223531,FALSE,1,FALSE
97,"01191",0,0.0477723654223531,FALSE,0.0323529411764706,FALSE
98,"23120.09",1,0.810688875207409,TRUE,1,TRUE
99,"39120.11",1,0.0477723654223531,FALSE,1,FALSE
101,"01195",0,0.0477723654223531,FALSE,0.00455927051671732,FALSE
103,"01199.02",0,0.0477723654223531,FALSE,0.0532786885245902,FALSE
104,"23120.10",1,0.810688875207409,TRUE,0.22884012539185,FALSE
105,"39120.12",1,0.0477723654223531,FALSE,0.688073394495413,FALSE
108,"01199.90",0,0.0477723654223531,FALSE,0.188268684957427,FALSE
109,"23991.01",NA,0.810688875207409,TRUE,0,FALSE
110,"23490.02",2,0.810688875207409,TRUE,0.193589743589744,FALSE
111,"23120.90",1,0.810688875207409,TRUE,0.236994219653179,FALSE
112,"39120.13",1,0.0477723654223531,FALSE,0.266075388026608,FALSE
113,"23140.08",1,0.810688875207409,TRUE,0.20418410041841,FALSE
114,"23180",NA,0.810688875207409,TRUE,0,FALSE
115,"23999.02",NA,0.810688875207409,TRUE,0,FALSE
116,"01510",0,0.810688875207409,TRUE,0.778080326752893,TRUE
117,"21392",1,0.810688875207409,TRUE,0.0757967269595177,FALSE
118,"21313",1,0.810688875207409,TRUE,0.0329489291598023,FALSE
119,"23220.05",1,0.0477723654223531,FALSE,0.0949948927477017,FALSE
120,"39130.03",1,0.0477723654223531,FALSE,0.372727272727273,FALSE
121,"23230.01",1,0.810688875207409,TRUE,0.0623853211009174,FALSE
122,"01530",NA,0.810688875207409,TRUE,0.780566801619433,TRUE
125,"01520",0,0.810688875207409,TRUE,0.56011315417256,TRUE
126,"23170.01",1,0.810688875207409,TRUE,0.422222222222222,FALSE
127,"23230.02",1,0.810688875207409,TRUE,0.205508474576271,FALSE
128,"01520.01",1,0.0477723654223531,FALSE,0.191139240506329,FALSE
129,"23220.06",1,0.0477723654223531,FALSE,0.0810126582278481,FALSE
135,"01591",NA,0.810688875207409,TRUE,0.772277227722772,TRUE
136,"01550",0,0.810688875207409,TRUE,0.776811594202899,TRUE
137,"01540",NA,0.810688875207409,TRUE,0.719077568134172,TRUE
149,"01599",0,0.810688875207409,TRUE,0.606679035250464,TRUE
150,"23170.02",1,0.810688875207409,TRUE,0.218125960061444,FALSE
151,"01599.10",1,0.810688875207409,TRUE,0.4,FALSE
154,"23210.01",NA,0.0477723654223531,FALSE,0,FALSE
155,"23210.02",NA,0.0477723654223531,FALSE,0,FALSE
156,"01802",0,0.0477723654223531,FALSE,0.0779220779220779,FALSE
157,"01801",0,0.0477723654223531,FALSE,0.0651085141903172,FALSE
158,"23511.01",1,0.0477723654223531,FALSE,0.991961414790997,FALSE
159,"23512",1,0.0477723654223531,FALSE,1,FALSE
160,"23530",NA,0.810688875207409,TRUE,0,FALSE
161,"01809",NA,0.0477723654223531,FALSE,0.04,FALSE
162,"23510",NA,0.0477723654223531,FALSE,0,FALSE
163,"23511.02",1,0.810688875207409,TRUE,0.981481481481482,TRUE
164,"23520",3,0.810688875207409,TRUE,0,FALSE
165,"23540",1,0.0477723654223531,FALSE,0.639876352395672,FALSE
166,"23210.03",2,0.810688875207409,TRUE,0.105194805194805,FALSE
167,"23210.04",1,0.810688875207409,TRUE,0.161010260457774,FALSE
168,"23670.01",4,0.810688875207409,TRUE,0.199298245614035,FALSE
169,"39140.01",1,0.0477723654223531,FALSE,0.546875,FALSE
170,"39140.02",1,0.0477723654223531,FALSE,0.721878862793572,FALSE
171,NA,NA,NA,NA,0,FALSE
172,"23210.05",2,0.810688875207409,TRUE,0.320704845814978,FALSE
173,"23210.06",2,0.810688875207409,TRUE,0.0792079207920792,FALSE
175,"23210.08",3,0.0477723654223531,FALSE,0.0833333333333333,FALSE
176,"01701",0,0.810688875207409,TRUE,0.80783722682743,TRUE
181,"01702",NA,0.810688875207409,TRUE,0.65952380952381,TRUE
187,"01705",0,0.810688875207409,TRUE,0.725859247135843,TRUE
191,"01703",0,0.810688875207409,TRUE,0.714940421631531,TRUE
195,"01706",NA,0.810688875207409,TRUE,0.649193548387097,TRUE
197,"01707",NA,0.810688875207409,TRUE,0.833333333333333,TRUE
201,"01704",0,0.810688875207409,TRUE,0.870742358078603,TRUE
203,"01708",NA,0.810688875207409,TRUE,0.6,TRUE
205,"01709.01",NA,0.0477723654223531,FALSE,0.108949416342412,FALSE
210,"01709.02",NA,0.0477723654223531,FALSE,0.275862068965517,FALSE
211,"01709.90",0,0.810688875207409,TRUE,0.715772618094476,TRUE
212,"23170.03",1,0.810688875207409,TRUE,0.408114558472554,FALSE
213,"39120.14",1,0.0477723654223531,FALSE,0.410998552821997,FALSE
216,"01377",0,0.810688875207409,TRUE,0.691037735849057,TRUE
217,"01372",0,0.810688875207409,TRUE,0.706744868035191,TRUE
220,"01373",NA,0.810688875207409,TRUE,0,FALSE
221,"01371",0,0.810688875207409,TRUE,0.685205784204672,TRUE
222,"01376",0,0.810688875207409,TRUE,0.690361445783133,TRUE
223,"01375",0,0.810688875207409,TRUE,0.853896103896104,TRUE
224,"01379.02",NA,0.810688875207409,TRUE,0,FALSE
225,"01374",0,0.810688875207409,TRUE,0.677177177177177,TRUE
226,"01379.01",NA,0.810688875207409,TRUE,0,FALSE
229,"21429.01",1,0.810688875207409,TRUE,0.0172711571675302,FALSE
230,"21424",1,0.810688875207409,TRUE,0.0876623376623377,FALSE
231,"21422",1,0.810688875207409,TRUE,0.138099902056807,FALSE
232,"21429.02",1,0.810688875207409,TRUE,0.158361018826135,FALSE
233,"21423",1,0.810688875207409,TRUE,0.114503816793893,FALSE
234,"01379.90",0,0.810688875207409,TRUE,0.828772478498827,TRUE
235,"F0235",1,0.810688875207409,TRUE,0.15188762071993,FALSE
236,"0141",0,0.0477723654223531,FALSE,0.289219982471516,FALSE
237,"2161",1,0.810688875207409,TRUE,0.325718496683861,FALSE
238,"21910.03",1,0.0477723654223531,FALSE,0.340807174887892,FALSE
239,"23995.01",1,0.810688875207409,TRUE,0.05125977410947,FALSE
240,"23995.02",NA,0.810688875207409,TRUE,1,TRUE
241,"23999.03",NA,0.810688875207409,TRUE,1,TRUE
242,"0142",0,0.0477723654223531,FALSE,0.282131661442006,FALSE
243,"21421",1,0.810688875207409,TRUE,0.542441390460792,TRUE
244,"2162",2,0.810688875207409,TRUE,0.504035874439462,TRUE
245,"21910.04",2,0.0477723654223531,FALSE,0.71055900621118,FALSE
246,"21495.01",2,0.810688875207409,TRUE,0.130952380952381,FALSE
247,"21495.02",2,0.810688875207409,TRUE,0.0477031802120141,FALSE
249,"01460",0,0.810688875207409,TRUE,0.617134192570129,TRUE
250,"21429.07",1,0.810688875207409,TRUE,0.0644257703081232,FALSE
251,"01492",1,0.0477723654223531,FALSE,0.517241379310345,FALSE
252,"2166",2,0.810688875207409,TRUE,0.255537974683544,FALSE
253,"21910.05",2,0.0477723654223531,FALSE,0.459533607681756,FALSE
254,"01491.01",0,0.0477723654223531,FALSE,0,FALSE
256,"01491.02",1,0.0477723654223531,FALSE,0.669642857142857,FALSE
257,"2165",0,0.0477723654223531,FALSE,0.185156847742923,FALSE
258,"21691.14",2,0.0477723654223531,FALSE,0.211344922232388,FALSE
259,"21910.06",2,0.0477723654223531,FALSE,0.415540540540541,FALSE
260,"01450",0,0.810688875207409,TRUE,0.456611570247934,FALSE
261,"2167",1,0.810688875207409,TRUE,0.123042505592841,FALSE
262,"F0262",1,0.810688875207409,TRUE,0.0627687016337059,FALSE
263,"01499.01",NA,0.0477723654223531,FALSE,0.115942028985507,FALSE
264,"21691.03",NA,0.810688875207409,TRUE,0.976190476190476,TRUE
265,"01447",0,0.0477723654223531,FALSE,0,FALSE
266,"21691.04",1,0.0477723654223531,FALSE,0.143007360672976,FALSE
267,"01445",0,0.0477723654223531,FALSE,0.323300970873786,FALSE
268,"21631.01",1,0.810688875207409,TRUE,0.299921073401736,FALSE
269,"21910.07",1,0.0477723654223531,FALSE,0.58160621761658,FALSE
270,"01443",0,0.0477723654223531,FALSE,0.0580736543909348,FALSE
271,"21641.01",1,0.810688875207409,TRUE,0.325268817204301,FALSE
272,"21910.08",1,0.0477723654223531,FALSE,0.567233384853168,FALSE
273,"21910.09",1,0.0477723654223531,FALSE,0.576433121019108,FALSE
274,"21673",2,0.810688875207409,TRUE,0.11413612565445,FALSE
275,"01499.02",NA,0.0477723654223531,FALSE,0,FALSE
276,"21691.05",NA,0.0477723654223531,FALSE,0.163265306122449,FALSE
277,"01499.03",NA,0.0477723654223531,FALSE,0,FALSE
278,"21691.06",NA,0.0477723654223531,FALSE,0,FALSE
280,"01446",0,0.0477723654223531,FALSE,0.184126984126984,FALSE
281,"21631.02",1,0.0477723654223531,FALSE,0.280632411067194,FALSE
282,"21910.10",1,0.0477723654223531,FALSE,1,FALSE
289,"01444",0,0.810688875207409,TRUE,0.56175972927242,TRUE
290,"21691.07",1,0.810688875207409,TRUE,0.346743295019157,FALSE
291,"21910.11",1,0.0477723654223531,FALSE,0.840909090909091,FALSE
292,"01442",0,0.810688875207409,TRUE,0.48875,FALSE
293,"21641.02",1,0.810688875207409,TRUE,0.589147286821705,TRUE
294,"21910.12",1,0.0477723654223531,FALSE,1,FALSE
295,"23995.03",1,0.810688875207409,TRUE,0.108474576271186,FALSE
296,"01448",NA,0.0477723654223531,FALSE,0.335559265442404,FALSE
297,"21691.08",NA,0.810688875207409,TRUE,0,FALSE
299,"01449.01",0,0.810688875207409,TRUE,0.760479041916168,TRUE
305,"01499.04",NA,0.0477723654223531,FALSE,0,FALSE
306,"21691.09",NA,0.0477723654223531,FALSE,1,FALSE
307,"21691.10",NA,0.0477723654223531,FALSE,1,FALSE
310,"01499.05",NA,0.0477723654223531,FALSE,0,FALSE
311,"01499.06",NA,0.0477723654223531,FALSE,0.823529411764706,FALSE
312,"01499.07",NA,0.0477723654223531,FALSE,1,FALSE
313,"21691.11",NA,0.0477723654223531,FALSE,1,FALSE
314,"21910.14",NA,0.0477723654223531,FALSE,1,FALSE
328,"01921.01",0,0.0477723654223531,FALSE,0,FALSE
329,"0143",1,0.0477723654223531,FALSE,0.689887640449438,FALSE
331,"2168",2,0.810688875207409,TRUE,0.605133267522211,TRUE
332,"21910.15",2,0.0477723654223531,FALSE,0.727380952380952,FALSE
333,"01441",0,0.0477723654223531,FALSE,0.0142348754448399,FALSE
334,"21691.12",1,0.0477723654223531,FALSE,0.325417766051011,FALSE
335,"21910.16",1,0.0477723654223531,FALSE,0.679012345679012,FALSE
336,"01449.02",NA,0.0477723654223531,FALSE,0,FALSE
337,"21691.13",NA,0.0477723654223531,FALSE,1,FALSE
338,"21910.17",NA,0.0477723654223531,FALSE,1,FALSE
339,"01449.90",0,0.0477723654223531,FALSE,0.137362637362637,FALSE
340,"21691.90",1,0.810688875207409,TRUE,0.209594095940959,FALSE
341,"21910.90",1,0.0477723654223531,FALSE,0.354948805460751,FALSE
343,"21920",1,0.0477723654223531,FALSE,0.105313092979127,FALSE
358,"01212",0,0.810688875207409,TRUE,0.855213803450863,TRUE
366,"01216",NA,0.810688875207409,TRUE,0.79553264604811,TRUE
367,"01211",0,0.810688875207409,TRUE,0.840047393364929,TRUE
372,"01214",NA,0.810688875207409,TRUE,0,FALSE
373,"01215",0,0.810688875207409,TRUE,0.828358208955224,TRUE
378,"01219.01",NA,0.810688875207409,TRUE,0,FALSE
388,"01234",0,0.810688875207409,TRUE,0.873229461756374,TRUE
389,NA,NA,NA,NA,0,FALSE
390,"21321",1,0.810688875207409,TRUE,0.0489642184557439,FALSE
391,"21399.01",1,0.810688875207409,TRUE,0.0534716679968077,FALSE
392,"21399.02",1,0.810688875207409,TRUE,0.0376569037656904,FALSE
393,"01213",0,0.810688875207409,TRUE,0.883257918552036,TRUE
394,"01235",0,0.810688875207409,TRUE,0.87152034261242,TRUE
397,"01232",0,0.810688875207409,TRUE,0.850884582982308,TRUE
399,"01233",0,0.810688875207409,TRUE,0.831739961759082,TRUE
401,"01231",0,0.810688875207409,TRUE,0.90360435875943,TRUE
402,"01253.01",NA,0.810688875207409,TRUE,0.885838150289017,TRUE
403,"01253.02",0,0.810688875207409,TRUE,0.917859834212509,TRUE
406,"01252",0,0.810688875207409,TRUE,0.911944869831547,TRUE
407,"01254",NA,0.810688875207409,TRUE,0,FALSE
414,"01241.02",0,0.810688875207409,TRUE,0.832902670111972,TRUE
417,"01242",0,0.810688875207409,TRUE,0.856603773584906,TRUE
420,"01243",0,0.810688875207409,TRUE,0.761177753544166,TRUE
423,"01241.01",NA,0.810688875207409,TRUE,0.879194630872483,TRUE
426,"01251",0,0.810688875207409,TRUE,0.895986895986896,TRUE
430,"01239.01",NA,0.810688875207409,TRUE,0,FALSE
446,"01290.01",0,0.810688875207409,TRUE,0.597087378640777,TRUE
447,"21319.01",1,0.810688875207409,TRUE,0.0583173996175908,FALSE
448,"21399.03",1,0.810688875207409,TRUE,0.0394849785407725,FALSE
449,"01270",0,0.810688875207409,TRUE,0.669499527856468,TRUE
450,"21393.01",1,0.810688875207409,TRUE,0.138211382113821,FALSE
451,"21397.01",1,0.810688875207409,TRUE,0.0792580101180438,FALSE
459,"01691",0,0.810688875207409,TRUE,0.481632653061224,FALSE
460,"01990.01",NA,0.810688875207409,TRUE,0,FALSE
461,"01356",NA,0.0477723654223531,FALSE,0.101036269430052,FALSE
463,"01290.90",0,0.810688875207409,TRUE,0.812877263581489,TRUE
464,NA,NA,NA,NA,0,FALSE
465,NA,NA,NA,NA,0,FALSE
466,"21329",1,0.810688875207409,TRUE,0.156716417910448,FALSE
469,"21393.90",1,0.810688875207409,TRUE,0.171839515518547,FALSE
471,"21340",1,0.810688875207409,TRUE,0.214939024390244,FALSE
472,"F0472",1,0.810688875207409,TRUE,0.249112845990064,FALSE
473,"F0473",1,0.810688875207409,TRUE,0.217889908256881,FALSE
474,"21330",1,0.810688875207409,TRUE,0.335334476843911,FALSE
475,"F0475",1,0.810688875207409,TRUE,0.0757575757575758,FALSE
476,"23991.02",1,0.810688875207409,TRUE,0.0429389312977099,FALSE
486,"01312",0,0.0477723654223531,FALSE,0.864489228630994,FALSE
489,"01313",0,0.810688875207409,TRUE,0.815831987075929,TRUE
490,"01323",0,0.810688875207409,TRUE,0.835558678847505,TRUE
491,"21431.01",1,0.810688875207409,TRUE,0.0775716694772344,FALSE
492,"21431.02",1,0.810688875207409,TRUE,0.051605504587156,FALSE
495,"01324",0,0.810688875207409,TRUE,0.84106529209622,TRUE
496,"21439.01",1,0.810688875207409,TRUE,0.0212765957446809,FALSE
497,"01322",0,0.810688875207409,TRUE,0.848982785602504,TRUE
498,"21439.02",1,0.810688875207409,TRUE,0.080082135523614,FALSE
499,"21439.03",1,0.810688875207409,TRUE,0.141891891891892,FALSE
507,"01321",0,0.810688875207409,TRUE,0.77891156462585,TRUE
509,"21432",1,0.810688875207409,TRUE,0.0860860860860861,FALSE
510,"21432.01",1,0.810688875207409,TRUE,0.0778642936596218,FALSE
512,"01329",0,0.810688875207409,TRUE,0.725865209471767,TRUE
513,"21439.04",1,0.810688875207409,TRUE,0.211111111111111,FALSE
514,"21439.05",1,0.810688875207409,TRUE,0.099740932642487,FALSE
515,"01341",0,0.810688875207409,TRUE,0.799009200283086,TRUE
517,"24230.03",1,0.810688875207409,TRUE,0.29535864978903,FALSE
518,"21435.01",1,0.810688875207409,TRUE,0.0803886925795053,FALSE
519,"21435.02",1,0.810688875207409,TRUE,0.0634920634920635,FALSE
521,"01342.01",0,0.810688875207409,TRUE,0.829365079365079,TRUE
523,"01342.02",NA,0.810688875207409,TRUE,0.883141762452107,TRUE
526,"01343",0,0.810688875207409,TRUE,0.807497467071935,TRUE
527,"21419.01",1,0.810688875207409,TRUE,0.0390295358649789,FALSE
530,"01344.01",0,0.810688875207409,TRUE,0.784023668639053,TRUE
531,"01344.02",0,0.810688875207409,TRUE,0.866090712742981,TRUE
534,"01345",0,0.810688875207409,TRUE,0.855743544078362,TRUE
536,"01346",0,0.810688875207409,TRUE,0.779267202859696,TRUE
537,"21412",1,0.810688875207409,TRUE,0.0627973358705994,FALSE
539,"21439.07",NA,0.810688875207409,TRUE,0,FALSE
541,"01349.20",NA,0.810688875207409,TRUE,0.933579335793358,TRUE
542,"01349.10",NA,0.810688875207409,TRUE,1,TRUE
544,"01354",0,0.810688875207409,TRUE,0.83695652173913,TRUE
547,"01353.01",0,0.810688875207409,TRUE,0.754752851711027,TRUE
549,"01351.01",0,0.810688875207409,TRUE,0.827380952380952,TRUE
550,"01351.02",0,0.810688875207409,TRUE,0.816489361702128,TRUE
552,"01355.01",0,0.810688875207409,TRUE,0.766773162939297,TRUE
554,"01355.02",NA,0.810688875207409,TRUE,0.757188498402556,TRUE
558,"01355.90",NA,0.810688875207409,TRUE,0.817632850241546,TRUE
560,"01330",0,0.810688875207409,TRUE,0.665402124430956,TRUE
561,"21411",1,0.810688875207409,TRUE,0.0651649235720032,FALSE
562,"21434",1,0.810688875207409,TRUE,0.0657894736842105,FALSE
563,"24212.01",1,0.810688875207409,TRUE,0.160574412532637,FALSE
564,"24212.02",1,0.810688875207409,TRUE,0.229415904292752,FALSE
565,"24220",2,0.810688875207409,TRUE,0.0721739130434783,FALSE
566,"39160",1,0.0477723654223531,FALSE,0.771217712177122,FALSE
567,"01221",NA,0.810688875207409,TRUE,0.834717607973422,TRUE
568,"01229",NA,0.810688875207409,TRUE,0.854961832061069,TRUE
569,"01315",0,0.810688875207409,TRUE,0.740498034076016,TRUE
570,"21419.02",1,0.810688875207409,TRUE,0.118367346938776,FALSE
571,"01316",0,0.810688875207409,TRUE,0.854483925549915,TRUE
572,"01311",NA,0.810688875207409,TRUE,0.882022471910112,TRUE
574,"01318",0,0.810688875207409,TRUE,0.77513855898654,TRUE
575,"21491",1,0.810688875207409,TRUE,0.0904392764857881,FALSE
576,"21433",1,0.810688875207409,TRUE,0.122715404699739,FALSE
577,"01314",0,0.810688875207409,TRUE,0.918850380388842,TRUE
580,"21433.01",1,0.810688875207409,TRUE,0.0479102956167176,FALSE
583,"21439.08",1,0.810688875207409,TRUE,0.275862068965517,FALSE
584,"21499.01",1,0.810688875207409,TRUE,0.310344827586207,FALSE
587,"01359.01",NA,0.810688875207409,TRUE,0,FALSE
591,"01359.02",NA,0.810688875207409,TRUE,1,TRUE
592,"01352",NA,0.810688875207409,TRUE,0,FALSE
600,"01317",NA,0.810688875207409,TRUE,0,FALSE
603,"01319",0,0.810688875207409,TRUE,0.814410480349345,TRUE
604,"21419.90",1,0.810688875207409,TRUE,0.128364389233954,FALSE
619,"01359.90",0,0.810688875207409,TRUE,0.781228433402346,TRUE
620,"21419.05",1,0.810688875207409,TRUE,0.279907975460123,FALSE
622,"21439.9",1,0.810688875207409,TRUE,0.256052824651504,FALSE
623,"F0623",1,0.810688875207409,TRUE,0.266946191474493,FALSE
624,"23170.04",1,0.810688875207409,TRUE,0.163900414937759,FALSE
625,"23670.02",1,0.810688875207409,TRUE,0.0837043633125557,FALSE
626,"23991.03",1,0.810688875207409,TRUE,0.155821917808219,FALSE
628,"39120.15",1,0.0477723654223531,FALSE,0.864312267657993,FALSE
631,"17400",NA,0.810688875207409,TRUE,0,FALSE
632,"24110",1,0.0477723654223531,FALSE,0.253430185633575,FALSE
633,"24490.92",2,0.810688875207409,TRUE,0.274982770503101,FALSE
634,"2413",1,0.810688875207409,TRUE,0.551890034364261,TRUE
635,"01913",NA,0.0477723654223531,FALSE,0,FALSE
636,"01911",NA,0.0477723654223531,FALSE,0,FALSE
637,"01919.04",NA,0.0477723654223531,FALSE,0,FALSE
638,"01919.05",NA,0.0477723654223531,FALSE,0,FALSE
639,"01919.06",NA,0.0477723654223531,FALSE,0,FALSE
640,"01919.07",NA,0.0477723654223531,FALSE,0,FALSE
641,"01912",NA,0.0477723654223531,FALSE,0,FALSE
642,"01919.08",NA,0.0477723654223531,FALSE,0,FALSE
643,"01919.09",NA,0.0477723654223531,FALSE,0,FALSE
644,"01919.10",NA,0.0477723654223531,FALSE,0,FALSE
645,"01919.11",NA,0.0477723654223531,FALSE,0,FALSE
646,"01919.12",NA,0.0477723654223531,FALSE,0,FALSE
647,"01919.01",NA,0.0477723654223531,FALSE,0,FALSE
648,"01919.13",NA,0.0477723654223531,FALSE,0,FALSE
649,"01919.02",NA,0.0477723654223531,FALSE,0,FALSE
650,"01919.93",NA,0.0477723654223531,FALSE,0,FALSE
651,"01919.92",NA,0.0477723654223531,FALSE,0,FALSE
652,"39120.90",NA,0.0477723654223531,FALSE,0,FALSE
653,"39170.01",NA,0.0477723654223531,FALSE,0,FALSE
654,NA,NA,NA,NA,0,FALSE
655,"01919.94",NA,0.0477723654223531,FALSE,0,FALSE
656,"01610",0,0.810688875207409,TRUE,0.536316947909024,TRUE
657,"23911",1,0.810688875207409,TRUE,0.365458750963763,FALSE
658,"23912.01",1,0.810688875207409,TRUE,0.304938271604938,FALSE
659,"23912.02",1,0.810688875207409,TRUE,0.0924812030075188,FALSE
660,"39150.01",NA,0.0477723654223531,FALSE,0,FALSE
661,"01640",0,0.0477723654223531,FALSE,0.264767932489451,FALSE
662,"23610.01",1,0.0477723654223531,FALSE,0.554641598119859,FALSE
663,"39150.02",1,0.0477723654223531,FALSE,0.667103538663172,FALSE
664,"23620",2,0.0477723654223531,FALSE,0.576763485477178,FALSE
665,"F0665",2,0.810688875207409,TRUE,0.379090183559457,FALSE
666,"F0666",2,0.810688875207409,TRUE,0.10099573257468,FALSE
667,"01620",NA,0.810688875207409,TRUE,0,FALSE
671,"01630",NA,0.810688875207409,TRUE,0,FALSE
672,"23914",NA,0.810688875207409,TRUE,0,FALSE
674,"01930.04",NA,0.810688875207409,TRUE,0,FALSE
677,"01659",0,0.0477723654223531,FALSE,0.16318407960199,FALSE
687,"01651",NA,0.810688875207409,TRUE,0,FALSE
689,"01652",NA,0.810688875207409,TRUE,0,FALSE
692,"01658",NA,0.810688875207409,TRUE,0,FALSE
693,"01655",NA,0.810688875207409,TRUE,0,FALSE
698,"01656",NA,0.810688875207409,TRUE,0,FALSE
702,"01653",NA,0.810688875207409,TRUE,0,FALSE
711,"01654",NA,0.810688875207409,TRUE,0,FALSE
720,"01657",NA,0.810688875207409,TRUE,0,FALSE
723,"01699",NA,0.810688875207409,TRUE,0,FALSE
737,"35410.01",NA,0.0477723654223531,FALSE,0,FALSE
748,"01930.01",NA,0.810688875207409,TRUE,0,FALSE
753,"35410.90",1,0.0477723654223531,FALSE,0.0600500417014178,FALSE
754,"01930.02",0,0.0477723654223531,FALSE,0.00671140939597315,FALSE
755,"23999.04",1,0.0477723654223531,FALSE,0.228346456692913,FALSE
756,"01930.03",1,0.0477723654223531,FALSE,1,FALSE
767,"01921.02",1,0.0477723654223531,FALSE,0.355518112889638,FALSE
768,"26160",NA,0.0477723654223531,FALSE,0,FALSE
769,"F0769",1,0.0477723654223531,FALSE,0.251336898395722,FALSE
770,"21800",2,0.0477723654223531,FALSE,0.566576086956522,FALSE
771,"01929.01",NA,0.0477723654223531,FALSE,0,FALSE
773,"26190.01",NA,0.0477723654223531,FALSE,0,FALSE
774,"26190.02",NA,0.0477723654223531,FALSE,0,FALSE
777,"01929.02",NA,0.0477723654223531,FALSE,0,FALSE
778,"01929.07",NA,0.0477723654223531,FALSE,0.823529411764706,FALSE
780,"01922.01",NA,0.0477723654223531,FALSE,0,FALSE
782,"01922.02",NA,0.0477723654223531,FALSE,0,FALSE
788,"01929.03",NA,0.0477723654223531,FALSE,0,FALSE
789,"01929.04",NA,0.0477723654223531,FALSE,0,FALSE
800,"01929.91",NA,0.0477723654223531,FALSE,0,FALSE
809,"01929.05",NA,0.0477723654223531,FALSE,0,FALSE
813,"01929.06",NA,0.0477723654223531,FALSE,0,FALSE
821,"01929.90",NA,0.0477723654223531,FALSE,0,FALSE
826,"01970",NA,0.0477723654223531,FALSE,0,FALSE
828,"25020.01",NA,0.0477723654223531,FALSE,0.0898075552387741,FALSE
829,"25020.02",NA,0.0477723654223531,FALSE,0.0122699386503067,FALSE
831,"25090",NA,0.0477723654223531,FALSE,0.0153102336825141,FALSE
836,"01950.01",0,0.0477723654223531,FALSE,0,FALSE
837,"01950.02",1,0.0477723654223531,FALSE,0.11545988258317,FALSE
839,"03211",NA,0.0477723654223531,FALSE,0,FALSE
840,"23319.01",NA,0.0477723654223531,FALSE,0,FALSE
841,"23319.02",NA,0.0477723654223531,FALSE,0,FALSE
842,"23319.03",NA,0.0477723654223531,FALSE,0,FALSE
843,"23311",NA,0.0477723654223531,FALSE,0,FALSE
845,"23319.04",NA,0.0477723654223531,FALSE,0,FALSE
846,"39130.04",2,0.0477723654223531,FALSE,0.24171270718232,FALSE
850,"23319.06",NA,0.0477723654223531,FALSE,0,FALSE
852,"23319.08",NA,0.0477723654223531,FALSE,0,FALSE
853,"23319.09",NA,0.0477723654223531,FALSE,0,FALSE
854,"23319.10",NA,0.0477723654223531,FALSE,0,FALSE
855,"23319.11",NA,0.0477723654223531,FALSE,0,FALSE
857,"01919.03",NA,0.0477723654223531,FALSE,0,FALSE
858,"01919.14",NA,0.0477723654223531,FALSE,0,FALSE
859,"01919.91",NA,0.0477723654223531,FALSE,0,FALSE
860,NA,NA,NA,NA,0,FALSE
861,NA,NA,NA,NA,0,FALSE
862,"23320",NA,0.0477723654223531,FALSE,0,FALSE
866,"02111",0,0.0477723654223531,FALSE,0,FALSE
867,"21111.01",1,0.810688875207409,TRUE,0.917273328921244,TRUE
868,"21151",1,0.810688875207409,TRUE,0.888074616922052,TRUE
869,"21512",1,0.810688875207409,TRUE,0.974622770919067,TRUE
870,"21111.02",2,0.810688875207409,TRUE,0.307757885763001,FALSE
871,"21512.01",2,0.0477723654223531,FALSE,0.970654627539503,FALSE
872,"21182",2,0.810688875207409,TRUE,0.397216274089936,FALSE
873,"21185",2,0.810688875207409,TRUE,0.2907133243607,FALSE
874,"21184.01",2,0.810688875207409,TRUE,0.216814159292035,FALSE
875,"F0875",2,0.810688875207409,TRUE,0.25,FALSE
877,"23991.04",2,0.810688875207409,TRUE,0.247374562427071,FALSE
878,"21189.04",2,0.810688875207409,TRUE,0.149367088607595,FALSE
882,"02211",0,0.810688875207409,TRUE,0.590817015530047,TRUE
885,"22120",1,0.810688875207409,TRUE,0.2325,FALSE
886,"22241.01",1,0.810688875207409,TRUE,0.309192200557103,FALSE
887,"22241.02",1,0.810688875207409,TRUE,0.125333333333333,FALSE
888,"22110.02",1,0.810688875207409,TRUE,0.398455598455598,FALSE
889,"22222.01",1,0.810688875207409,TRUE,0.148418491484185,FALSE
890,"22130.01",2,0.810688875207409,TRUE,0.281553398058252,FALSE
891,"22230.01",NA,0.810688875207409,TRUE,0.0429042904290429,FALSE
892,"22230.02",1,0.810688875207409,TRUE,0.100980392156863,FALSE
893,"22230.03",1,0.810688875207409,TRUE,0.0849220103986135,FALSE
894,"22221.01",1,0.810688875207409,TRUE,0.183767228177642,FALSE
895,"22221.02",NA,0.810688875207409,TRUE,0.415584415584416,FALSE
896,"22222.02",NA,0.810688875207409,TRUE,0.330434782608696,FALSE
897,"22211",1,0.810688875207409,TRUE,0.159090909090909,FALSE
898,"22212",1,0.810688875207409,TRUE,0.185294117647059,FALSE
899,"22230.04",2,0.810688875207409,TRUE,0.423529411764706,FALSE
900,"22130.02",2,0.0477723654223531,FALSE,0.161843515541265,FALSE
901,"22251.01",1,0.810688875207409,TRUE,0.428271518544437,FALSE
903,"22130.03",1,0.0477723654223531,FALSE,0.90452876376989,FALSE
904,"22251.02",2,0.810688875207409,TRUE,0.532219570405728,TRUE
905,"22251.03",2,0.810688875207409,TRUE,0.316546762589928,FALSE
907,"22251.04",2,0.810688875207409,TRUE,0.102508178844057,FALSE
909,"22290",NA,0.810688875207409,TRUE,0,FALSE
910,"22270",NA,0.810688875207409,TRUE,0,FALSE
916,"23993.01",2,0.0477723654223531,FALSE,0,FALSE
917,"22260",2,0.0477723654223531,FALSE,0.195061728395062,FALSE
918,NA,NA,NA,NA,0,FALSE
919,"02951.01",1,0.0477723654223531,FALSE,1,FALSE
920,"02951.04",2,0.0477723654223531,FALSE,0.715083798882682,FALSE
921,"02951.05",3,0.0477723654223531,FALSE,0.745879120879121,FALSE
922,"02951.91",2,0.0477723654223531,FALSE,0.421052631578947,FALSE
928,"02951.06",2,0.0477723654223531,FALSE,0.401084010840108,FALSE
929,"02951.07",3,0.0477723654223531,FALSE,0.289655172413793,FALSE
930,"02951.92",2,0.0477723654223531,FALSE,0.311111111111111,FALSE
944,NA,NA,NA,NA,0,FALSE
945,NA,NA,NA,NA,0,FALSE
946,"02112",0,0.0477723654223531,FALSE,0,FALSE
947,"21112",1,0.810688875207409,TRUE,0.660583941605839,TRUE
948,"21152",1,0.810688875207409,TRUE,0.979274611398964,TRUE
949,"21513",1,0.810688875207409,TRUE,1,TRUE
951,"02212",NA,0.810688875207409,TRUE,0.712328767123288,TRUE
952,"22242.01",NA,0.810688875207409,TRUE,0.8,TRUE
953,"22242.02",NA,0.810688875207409,TRUE,0.5,FALSE
954,"22110.04",NA,0.810688875207409,TRUE,0.625,TRUE
955,"22252",NA,0.810688875207409,TRUE,0.666666666666667,TRUE
957,"02951.03",1,0.0477723654223531,FALSE,1,FALSE
958,"02951.08",NA,0.0477723654223531,FALSE,1,FALSE
959,"02951.09",NA,0.0477723654223531,FALSE,0.96551724137931,FALSE
972,NA,NA,NA,NA,0,FALSE
973,NA,NA,NA,NA,0,FALSE
976,"02122",0,0.0477723654223531,FALSE,0,FALSE
977,"21115",1,0.810688875207409,TRUE,0.794733288318704,TRUE
978,"21155",1,0.810688875207409,TRUE,0.920957215373459,TRUE
979,"21514",1,0.810688875207409,TRUE,0.99773413897281,TRUE
982,"02291",0,0.810688875207409,TRUE,0.505494505494505,TRUE
983,"22249.01",NA,0.810688875207409,TRUE,0.807692307692308,TRUE
984,"22253",1,0.810688875207409,TRUE,0.583333333333333,TRUE
985,"22110.05",NA,0.810688875207409,TRUE,0.923076923076923,TRUE
987,"02941",NA,0.0477723654223531,FALSE,0,FALSE
988,"26130",NA,0.0477723654223531,FALSE,0,FALSE
994,"F0994",NA,0.0477723654223531,FALSE,0,FALSE
995,"02953",1,0.0477723654223531,FALSE,1,FALSE
996,"02953.03",2,0.0477723654223531,FALSE,0.98389458272328,FALSE
997,"02953.04",3,0.0477723654223531,FALSE,0.652741514360313,FALSE
998,"02953.05",2,0.0477723654223531,FALSE,0.395348837209302,FALSE
999,"02953.01",2,0.0477723654223531,FALSE,0.385359116022099,FALSE
1002,"02955.01",NA,0.0477723654223531,FALSE,0,FALSE
1007,"39213",NA,0.0477723654223531,FALSE,0,FALSE
1008,"26150.01",NA,0.0477723654223531,FALSE,0,FALSE
1009,"F1009",NA,0.0477723654223531,FALSE,0,FALSE
1010,"26150.02",NA,0.0477723654223531,FALSE,0,FALSE
1012,NA,NA,NA,NA,0,FALSE
1013,NA,NA,NA,NA,0,FALSE
1016,"02123",0,0.0477723654223531,FALSE,0,FALSE
1017,"21116",1,0.810688875207409,TRUE,0.892777364110201,TRUE
1018,"21156",1,0.810688875207409,TRUE,0.994299674267101,TRUE
1019,"21515",1,0.810688875207409,TRUE,1,TRUE
1020,"02292",0,0.810688875207409,TRUE,0.688157894736842,TRUE
1021,"22254",1,0.810688875207409,TRUE,0.797752808988764,TRUE
1022,"22249.02",NA,0.810688875207409,TRUE,0,FALSE
1025,"02954",1,0.0477723654223531,FALSE,1,FALSE
1026,"02954.01",2,0.0477723654223531,FALSE,0.864453665283541,FALSE
1027,"02954.02",3,0.0477723654223531,FALSE,0.730462519936204,FALSE
1028,"02954.90",2,0.0477723654223531,FALSE,0.558139534883721,FALSE
1030,"02943.01",NA,0.0477723654223531,FALSE,0,FALSE
1031,"02942.02",NA,0.0477723654223531,FALSE,0,FALSE
1032,NA,NA,NA,NA,0,FALSE
1033,NA,NA,NA,NA,0,FALSE
1034,"02140",0,0.0477723654223531,FALSE,0,FALSE
1035,"21113.01",1,0.810688875207409,TRUE,0.881069669247009,TRUE
1036,"21153",1,0.810688875207409,TRUE,0.858413639733136,TRUE
1037,"21511.01",1,0.810688875207409,TRUE,0.924174174174174,TRUE
1038,"21113.02",2,0.810688875207409,TRUE,0.457264957264957,FALSE
1039,"21181",2,0.810688875207409,TRUE,0.276666666666667,FALSE
1040,"21511.02",2,0.0477723654223531,FALSE,0.974248927038627,FALSE
1041,"21184.02",2,0.810688875207409,TRUE,0.206896551724138,FALSE
1042,"F1042",2,0.810688875207409,TRUE,0.208866155157715,FALSE
1043,"21521",2,0.810688875207409,TRUE,0.644444444444444,TRUE
1044,"02959.01",1,0.0477723654223531,FALSE,1,FALSE
1045,"02959.03",2,0.0477723654223531,FALSE,0.118840579710145,FALSE
1046,"02959.04",NA,0.0477723654223531,FALSE,0.241379310344828,FALSE
1047,"02959.05",NA,0.0477723654223531,FALSE,0,FALSE
1055,NA,NA,NA,NA,0,FALSE
1056,NA,NA,NA,NA,0,FALSE
1057,"02151",0,0.0477723654223531,FALSE,0,FALSE
1058,"21121",1,0.810688875207409,TRUE,0.800660066006601,TRUE
1059,"21160.01",1,0.810688875207409,TRUE,0.421686746987952,FALSE
1060,"21189.05",2,0.810688875207409,TRUE,0.286075949367089,FALSE
1061,"F1061",2,0.810688875207409,TRUE,0.158862876254181,FALSE
1062,"0231",0,0.810688875207409,TRUE,0.931307793923382,TRUE
1063,"23993.02",1,0.810688875207409,TRUE,0.00110741971207087,FALSE
1064,"23993.03",1,0.810688875207409,TRUE,0.00239520958083832,FALSE
1065,"21511.03",2,0.0477723654223531,FALSE,0.457142857142857,FALSE
1066,"21522",3,0.810688875207409,TRUE,0.265384615384615,FALSE
1067,NA,NA,NA,NA,0,FALSE
1068,"02154",0,0.0477723654223531,FALSE,0,FALSE
1069,"21122",1,0.810688875207409,TRUE,0.457865168539326,FALSE
1070,NA,NA,NA,NA,0,FALSE
1071,NA,NA,NA,NA,0,FALSE
1072,"02153",0,0.0477723654223531,FALSE,0,FALSE
1073,"21123",1,0.810688875207409,TRUE,0.502066115702479,TRUE
1074,"21160.02",2,0.810688875207409,TRUE,0.0626780626780627,FALSE
1075,"21160.03",1,0.810688875207409,TRUE,0.118840579710145,FALSE
1077,NA,NA,NA,NA,0,FALSE
1078,NA,NA,NA,NA,0,FALSE
1079,"02152",0,0.0477723654223531,FALSE,0,FALSE
1080,"21124",1,0.810688875207409,TRUE,0.338568935427574,FALSE
1081,"21160.04",1,0.810688875207409,TRUE,0.259541984732824,FALSE
1083,"02194",0,0.0477723654223531,FALSE,0,FALSE
1084,NA,NA,NA,NA,0,FALSE
1085,NA,NA,NA,NA,0,FALSE
1087,NA,NA,NA,NA,0,FALSE
1088,NA,NA,NA,NA,0,FALSE
1089,"21170.01",NA,0.810688875207409,TRUE,0.238683127572016,FALSE
1091,"0232",NA,0.810688875207409,TRUE,0,FALSE
1092,NA,NA,NA,NA,0,FALSE
1094,NA,NA,NA,NA,0,FALSE
1095,NA,NA,NA,NA,0,FALSE
1096,"02131",0,0.0477723654223531,FALSE,0,FALSE
1097,"21118.01",1,0.810688875207409,TRUE,0.730253353204173,TRUE
1098,"21159.01",1,0.810688875207409,TRUE,0.745145631067961,TRUE
1100,"39110.01",NA,0.0477723654223531,FALSE,0,FALSE
1102,"02952.01",1,0.0477723654223531,FALSE,1,FALSE
1103,"02952.04",2,0.0477723654223531,FALSE,0.589442815249267,FALSE
1104,"02952.05",3,0.0477723654223531,FALSE,1,FALSE
1105,"02952.90",2,0.0477723654223531,FALSE,0.567567567567568,FALSE
1107,"02132",NA,0.0477723654223531,FALSE,0,FALSE
1108,"21118.02",NA,0.810688875207409,TRUE,1,TRUE
1109,"02952.02",NA,0.0477723654223531,FALSE,1,FALSE
1110,"02133",NA,0.0477723654223531,FALSE,0,FALSE
1111,"21118.03",NA,0.810688875207409,TRUE,1,TRUE
1112,"02952.03",NA,0.0477723654223531,FALSE,1,FALSE
1115,NA,NA,NA,NA,0,FALSE
1120,NA,NA,NA,NA,0,FALSE
1121,NA,NA,NA,NA,0,FALSE
1122,NA,NA,NA,NA,0,FALSE
1123,NA,NA,NA,NA,0,FALSE
1124,NA,NA,NA,NA,0,FALSE
1125,NA,NA,NA,NA,0,FALSE
1126,"02121.01",0,0.0477723654223531,FALSE,0,FALSE
1127,"21117.01",1,0.810688875207409,TRUE,1,TRUE
1128,"21159.02",1,0.810688875207409,TRUE,1,TRUE
1129,"21519.02",1,0.810688875207409,TRUE,1,TRUE
1130,"02293",NA,0.810688875207409,TRUE,0,FALSE
1133,"02959.02",1,0.0477723654223531,FALSE,1,FALSE
1137,NA,NA,NA,NA,0,FALSE
1138,NA,NA,NA,NA,0,FALSE
1140,"02191",0,0.0477723654223531,FALSE,0,FALSE
1141,"21114",1,0.810688875207409,TRUE,0.603268945022288,TRUE
1144,NA,NA,NA,NA,0,FALSE
1145,NA,NA,NA,NA,0,FALSE
1146,"02955.02",1,0.0477723654223531,FALSE,0.924623115577889,FALSE
1151,"21119.01",NA,0.810688875207409,TRUE,1,TRUE
1154,NA,NA,NA,NA,0,FALSE
1155,NA,NA,NA,NA,0,FALSE
1158,"21117.02",NA,0.810688875207409,TRUE,1,TRUE
1159,NA,NA,NA,NA,0,FALSE
1160,"21519.03",NA,0.810688875207409,TRUE,1,TRUE
1161,NA,NA,NA,NA,0,FALSE
1162,NA,NA,NA,NA,0,FALSE
1163,"21170.02",0,0.810688875207409,TRUE,0.763406940063092,TRUE
1164,"21183",1,0.810688875207409,TRUE,0.201680672268908,FALSE
1166,"21119.90",0,0.810688875207409,TRUE,0.701219512195122,TRUE
1167,"21170.93",1,0.810688875207409,TRUE,0.0691489361702128,FALSE
1168,"21529.03",2,0.0477723654223531,FALSE,0.318965517241379,FALSE
1169,"02199.10",NA,0.0477723654223531,FALSE,0,FALSE
1171,"02199.20",NA,0.0477723654223531,FALSE,0,FALSE
1172,"F1172",1,0.810688875207409,TRUE,0.24801412180053,FALSE
1173,"21190.01",NA,0.0477723654223531,FALSE,0,FALSE
1174,"21291",NA,0.0477723654223531,FALSE,0,FALSE
1176,"02920",NA,0.0477723654223531,FALSE,0,FALSE
1181,"02196",NA,0.0477723654223531,FALSE,0,FALSE
1182,"02910",0,0.810688875207409,TRUE,0.941648431801605,TRUE
1183,"02960.01",NA,0.0477723654223531,FALSE,0,FALSE
1185,"02944",NA,0.0477723654223531,FALSE,0,FALSE
1186,"26110",NA,0.0477723654223531,FALSE,0,FALSE
1187,"39211",NA,0.0477723654223531,FALSE,0,FALSE
1195,"02955.90",NA,0.0477723654223531,FALSE,0,FALSE
1214,"02959.20",NA,0.0477723654223531,FALSE,0,FALSE
1215,"02959.30",NA,0.0477723654223531,FALSE,0,FALSE
1216,"02959.40",NA,0.0477723654223531,FALSE,0,FALSE
1217,"F1217",NA,0.0477723654223531,FALSE,0,FALSE
1218,"02943.02",NA,0.0477723654223531,FALSE,0,FALSE
1219,"02942.90",1,0.0477723654223531,FALSE,0.065625,FALSE
1221,"21529.02",2,0.0477723654223531,FALSE,0.0936936936936937,FALSE
1222,"21932.01",NA,0.0477723654223531,FALSE,0,FALSE
1223,"F1223",NA,0.0477723654223531,FALSE,0,FALSE
1225,"21523",2,0.0477723654223531,FALSE,0.437100213219616,FALSE
1232,"F1232",NA,0.810688875207409,TRUE,0,FALSE
1241,"21700.01",2,0.810688875207409,TRUE,0.0777777777777778,FALSE
1242,"21700.02",1,0.810688875207409,TRUE,0.403458213256484,FALSE
1243,"F1243",1,0.810688875207409,TRUE,0.187797147385103,FALSE
1259,"39170.02",NA,0.0477723654223531,FALSE,0,FALSE
1273,"21693.02",NA,0.0477723654223531,FALSE,0,FALSE
1274,"34550",1,0.0477723654223531,FALSE,0.165474060822898,FALSE
1275,"F1275",1,0.0477723654223531,FALSE,0.164869029275809,FALSE
1276,"34120",1,0.0477723654223531,FALSE,0.0561312607944732,FALSE
1277,"21932.02",1,0.0477723654223531,FALSE,0.0373983739837398,FALSE
1291,"03219.01",NA,0.0477723654223531,FALSE,0,FALSE
1292,"03219.90",NA,0.0477723654223531,FALSE,0,FALSE
1293,"F1293",NA,0.0477723654223531,FALSE,0,FALSE
1294,"F1294",NA,0.0477723654223531,FALSE,0,FALSE
1295,"02960.02",NA,0.0477723654223531,FALSE,0,FALSE
1296,"21931",NA,0.0477723654223531,FALSE,0,FALSE
