FAOCode,FAOName,1990,1991,1992,1993,1994,1995,1996,1997,1998,1999,2000,2001,2002,2003,2004,2005,2006,2007,2008,2009,2010,2011,2012,2013,2014,2015,2016
1,Armenia,4261.614613,3763.910889,2192.237783,1999.083367,2105.578132,2250.677471,2383.46933,2462.624524,2643.386484,2729.434851,2890.352108,3166.574728,3643.156374,4154.684758,4589.590434,5225.97185,5915.694602,6729.055562,7196.568584,6178.255779,6315.109501,6608.81061,7082.348505,7313.073353,7579.425368,7807.966417,8044.130714
2,Afghanistan,5725.165395,5099.369505,5181.698774,3888.090899,3022.555147,4531.855989,4293.013317,4072.311063,3887.479665,3698.806736,3495.24601,3296.867078,5439.744323,5887.348821,6025.242701,6621.833827,7228.470204,8391.84282,8587.560227,10066.7635,10392.53578,11294.70124,12529.19257,13340.57477,13628.10885,13299.54133,13913.23355
3,Albania,5270.817571,3794.875792,3522.13379,3858.829089,4179.222568,4735.992449,5167.050211,4607.052763,5013.825539,5660.143341,6053.313229,6555.332149,6852.719275,7231.58076,7630.388041,8052.079314,8527.360047,9037.572907,9715.398987,10041.28053,10413.50043,10678.56936,10829.90967,10950.40852,11171.78632,11466.64652,11778.32267
4,Algeria,66766.08436,65964.89095,67152.26051,65742.06253,65150.38623,67626.09752,70398.76648,71173.15287,74802.98623,77196.68295,80130.1569,82534.06161,87155.96906,93431.19883,97448.74038,103198.2161,104952.5857,108520.9737,111125.477,112903.4847,116968.0101,120360.0824,124452.3252,127936.9903,132798.5959,137844.9426,142945.0307
6,Andorra,1687.278614,1730.236738,1746.314364,1728.301275,1769.49007,1818.283653,1902.82915,2075.371494,2141.675212,2229.464217,2255.455022,2358.005337,2510.592208,2816.099141,3031.470737,3255.708103,3403.398519,3404.760255,3112.291221,2997.427335,2836.800427,2704.987274,2661.295827,2670.654141,2731.483181,2754.487828,2791.894413
7,Angola,21048.33003,21256.99461,20015.95159,15215.44236,15419.23244,17732.1173,20133.82055,21598.4105,22611.62367,23104.89395,23810.66164,24558.31642,28126.63979,28967.58357,32140.42919,36970.87808,41240.19502,47014.84499,52264.44816,52526.04694,55017.33889,56927.53006,61790.36356,64851.82302,67505.89074,69535.76511,72347.2979
8,Antigua and Barbuda,617.020421,630.452162,637.7548666,671.4287847,716.2546923,685.0296049,730.2745559,770.2288525,806.6707988,836.5813017,887.4842081,841.3690481,850.5207976,902.4921971,954.9398938,1014.979676,1144.947451,1251.308649,1251.905222,1101.231463,1023.685784,1005.635416,1044.22637,1042.136959,1090.104356,1135.092934,1178.585071
9,Argentina,121000.8609,133701.1575,147478.4182,156698.2819,165843.5701,161124.8983,170029.7442,183820.9554,190898.4,184435.6104,182980.4343,174913.128,155857.2308,169630.4204,184947.304,201387.8397,217785.9171,237420.9391,247140.6235,232279.1796,256328.3612,272086.1122,269221.387,275420.1668,268373.6039,274740.2203,280884.5545
10,Australia,453839.5986,455649.8519,474149.8742,493295.817,512430.3858,532667.6288,553693.2658,578267.5739,607222.0484,630713.4372,642882.362,667676.3669,688179.9996,716734.5902,739717.7432,761782.5996,790407.8284,819705.9158,834621.948,851466.1632,871727.3513,903394.8113,925437.5185,948573.9204,969991.0606,993574.0395,1024309.017
11,Austria,223054.061,230730.7507,235561.1561,236802.1145,242490.3826,248959.9864,254930.8293,260552.1041,269827.6729,279514.4533,288929.6397,292831.6809,297680.5488,299931.4798,308046.8551,314641.1605,325184.2552,336960.8369,342174.5101,329175.0436,335523.754,344945.2608,347517.7111,347949.4099,350193.1437,353565.7082,357597.4115
12,Bahamas,5566.991889,5334.199278,5130.139734,5145.919301,5307.970294,5540.382963,5774.380893,6124.886403,6597.150661,6816.305318,7099.13097,7285.527781,7482.574298,7387.93863,7453.165644,7706.221927,7900.177218,8014.455246,7828.203864,7501.356033,7616.782878,7663.468313,7900.014132,7900.82832,7859.392285,7728.639905,7682.896427
13,Bahrain,7784.405555,8139.054345,8773.632025,9904.141676,9694.558831,9882.061284,10204.56445,10440.28204,10950.60555,11602.52368,12416.80907,12726.11605,13152.25212,13980.37843,14956.34112,15968.72681,17001.43149,18411.52916,19560.74856,20057.6908,20927.54343,21342.63585,22138.35104,23337.55002,24352.79852,25050.34859,26012.22946
14,Barbados,3326.223641,3196.50092,2972.745855,3008.418806,3122.738719,3185.193495,3312.601234,3468.293492,3596.62035,3611.006831,3694.05999,3598.014429,3623.20053,3695.664542,3747.403845,3897.3,4119.4461,4193.596128,4210.370512,4041.955694,4054.081559,4086.514212,4098.773755,4094.674981,4102.864331,4139.068247,4188.751802
16,Bangladesh,27880.67622,28828.56777,30047.23744,31421.81221,32705.2955,34316.01738,35902.13161,37836.42252,39814.31647,41752.92451,44235.05945,46567.82162,48624.04992,51179.7272,54388.95348,57628.09748,61448.45694,65785.85269,69742.06282,73260.63757,77342.57615,82342.298,87712.21107,92986.88189,98622.88982,105085.2862,112235.413
17,Bermuda,3330.577819,3339.285427,3248.266281,3326.96334,3379.537576,3561.904455,3699.911823,3870.320437,4021.643286,4157.970177,4282.027648,4591.243571,4523.394821,4677.674343,4787.966856,4868.135685,5092.369351,5261.436313,5321.370837,5004.932109,4880.853984,4664.844952,4481.170965,4373.911124,4354.736441,4369.981195,4414.424536
18,Bhutan,331.0371906,333.4877443,345.7229044,352.6826922,373.4138562,398.727474,424.2675479,449.1862052,476.7234116,514.5844951,559.5444704,605.4483736,670.3999117,721.848827,764.4214607,818.86961,874.9749212,1031.997133,1080.884975,1152.831831,1288.079629,1389.730857,1460.205428,1491.4871,1572.904805,1654.911564,1759.255745
19,Bolivia (Plurinational State of),5665.279608,5963.476933,6061.792128,6320.419788,6615.732222,6924.984871,7227.158825,7585.207362,7966.69434,8000.702992,8201.345501,8339.439677,8546.721939,8778.452615,9144.803389,9549.120156,10007.20293,10463.96506,11107.34264,11480.24337,11953.99054,12576.07945,13220.26093,14118.71134,14889.67341,15611.49636,16296.48394
20,Botswana,5160.299954,5543.400684,5709.7613,5819.166456,6030.398224,6454.359959,6830.636241,7378.900608,7432.175765,8150.662089,8312.672462,8333.504502,8839.305866,9248.208315,9498.445196,9931.249182,10761.89148,11652.9913,12380.38469,11432.99925,12412.0792,13162.80102,13749.35744,15105.04473,15589.15238,15549.36536,16120.72015
21,Brazil,608045.8991,614308.7718,608556.817,637987.8019,675324.8195,703847.7953,718984.232,743251.7793,743514.5279,745403.5399,777502.0862,787711.6123,808649.7281,817921.8662,863968.4169,891633.8266,926960.2581,983225.5464,1033312.977,1032012.946,1109705.211,1153085.941,1175201.929,1210617.815,1176157.131,1130906.102,1115386.872
22,Aruba,1331.262305,1437.269025,1521.814262,1633.023766,1766.995449,1811.28974,1833.841854,1977.146173,2108.955032,2133.302272,2229.60086,2163.460405,2092.320189,2134.206484,2303.08139,2331.005587,2355.605474,2403.475526,2406.799836,2134.206484,2062.401406,2135.536208,2106.282287,2194.708911,2213.325042,2215.319628,2225.236134
23,Belize,517.470112,530.8202645,562.8302894,598.8984567,613.651892,639.2143997,649.3028673,672.6246401,697.4909012,758.4467048,856.7507723,899.7218188,945.7993589,1034.009033,1082.070711,1114.222546,1166.562483,1180.682087,1211.553194,1220.194564,1260.752287,1287.27791,1336.513043,1356.903887,1409.336155,1425.904876,1469.197897
25,Solomon Islands,307.4665123,315.3095116,351.1391979,357.0850422,385.9372416,424.5001153,431.3291243,423.8821424,437.4190304,430.633486,369.4260608,339.9982112,330.6284397,352.0685176,380.5752971,429.4760336,446.6528369,520.6473724,539.9363071,541.1951933,598.7822448,637.1502998,653.9634249,673.716104,687.0515329,709.3807077,738.808742
26,Brunei Darussalam,7638.528419,7878.832014,8253.752556,8278.891351,8539.295318,8921.745334,9178.541573,9043.297301,8992.626829,9267.168658,9531.546371,9793.184715,10172.36252,10467.69782,10520.47975,10561.29251,11025.70304,11042.47773,10828.74047,10637.48247,10913.95899,11322.62197,11426.01283,11183.23483,10920.5808,10860.43634,10774.02365
27,Bulgaria,28027.17365,25660.17927,23799.25802,23446.94766,23873.24296,24556.0728,22248.5068,22006.26404,22768.3001,21399.95062,22472.29131,23426.91995,24836.7806,26097.87367,27808.73715,29821.03104,31834.88519,34278.32427,36214.0231,34685.89017,34704.81409,35254.52931,35338.10859,35791.10253,36345.4543,37424.29567,38510.58081
28,Myanmar,3293.543469,3272.115122,3588.232386,3804.940469,4089.472219,4373.610788,4655.390273,4918.493676,5162.134635,5727.136963,6514.385232,7253.382985,8125.639908,9250.553095,10505.35946,11930.82861,13490.91601,15108.67098,16658.11102,18415.54297,20286.12138,21420.41628,22991.10482,24928.33554,26920.4195,28884.00347,30990.81188
29,Burundi,1190.589842,1254.089951,1276.735347,1187.000058,1150.386126,1069.615997,977.5464186,981.2571016,1025.311,1015.062447,1005.920589,1027.050092,1073.26158,1060.381139,1107.039025,1117.11308,1177.591428,1217.824978,1277.498137,1325.881781,1393.400967,1449.635701,1513.759491,1587.915554,1662.547585,1594.383134,1629.07692
32,Cameroon,11706.33899,11265.7071,10922.0855,10577.15472,10564.29635,10992.56798,11546.1738,12159.75577,12755.01954,13273.164,13827.13025,14451.32439,15030.68443,15636.57031,16215.41333,16587.85751,17122.65053,17680.10658,18190.00903,18541.41283,19147.46651,19940.28495,20855.29252,22015.19885,23320.03197,24666.25355,25966.16287
33,Canada,777846.2677,761311.65,768033.8494,788426.9597,823854.725,845915.1525,859543.2519,896330.0909,931123.4661,979199.3344,1029948.203,1048186.723,1079737.314,1099197.131,1133117.928,1169393.363,1200071.376,1224825.821,1237078.501,1200589.786,1237610.143,1276486.188,1298766.9,1330911.405,1365053.266,1377907.643,1407551.287
35,Cabo Verde,441.8103227,448.0251645,461.660713,495.4249283,529.7456966,569.4511152,607.5564438,653.9636881,708.9854452,793.0840819,850.7080489,902.9172654,950.614043,995.1333667,1037.7251,1105.394035,1217.500487,1322.807051,1410.777422,1392.854539,1413.284791,1469.376459,1485.273912,1497.197654,1525.123094,1547.29908,1592.049611
36,Cayman Islands,1490.806712,1510.862408,1557.32477,1631.865105,1718.438858,1801.001473,1890.917841,1994.873196,2598.883898,2686.855804,2713.159278,2728.26175,2775.331125,2830.832713,2856.255209,3041.763919,3181.713503,3282.338605,3270.607089,3035.10702,2952.686103,2987.20206,3023.938559,3062.284554,3147.232465,3170.681013,3203.676774
37,Central African Republic,1185.268077,1199.2524,1183.292902,1179.170471,1240.209378,1304.117784,1205.680895,1279.478094,1337.728102,1417.16374,1444.400021,1453.506577,1444.640419,1342.768864,1379.938958,1412.805702,1479.969948,1539.631176,1579.861017,1609.984587,1667.368596,1701.388851,1750.704299,1108.195821,1119.721456,1173.468086,1184.264109
38,Sri Lanka,13757.84988,14421.10925,15052.6035,16093.58229,17002.74011,17942.88409,18617.0492,19817.07002,20758.25264,21645.58923,22939.80869,22625.67352,23535.26399,24933.322,26290.95666,27931.97194,30073.87708,32117.94621,34028.99232,35233.25131,38057.53132,41256.16717,45028.87013,46557.92573,48829.29588,51166.26438,53638.28742
39,Chad,2621.848301,2721.426016,2784.010699,2735.273594,2891.499037,2931.938993,2994.650723,3163.618712,3382.465385,3365.541316,3348.636497,3734.32077,4052.240008,4631.261005,6190.701803,6680.615783,6572.690782,7739.491106,7840.126567,8554.630381,9700.248384,9467.442422,10423.65411,11195.00451,13781.05055,14690.59989,16048.00935
40,Chile,53067.802,57297.25305,64332.22324,68826.64223,72755.34894,80487.47983,86454.42416,92165.23999,95142.98711,94419.08711,98657.63124,101989.3381,104216.8979,108298.983,115897.3829,123056.0324,130063.256,136775.5938,141278.8691,139814.61,147859.1357,156493.5778,165033.6367,171596.358,174816.1842,178846.6885,185372.6821
41,"China, Mainland",537244.533,587208.2746,670591.8495,763804.1166,863098.6518,958039.5035,1052885.414,1149750.872,1239431.441,1334867.661,1448331.413,1568542.92,1711280.326,1882408.358,2072531.602,2308800.205,2602017.831,2971504.363,3259740.286,3566155.873,3944168.396,4318864.393,4660054.68,5023538.945,5390257.289,5762185.041,6228182.249
44,Colombia,94459.75223,96350.46581,100247.7742,105972.0857,111426.8358,117223.7474,119633.6974,123737.4845,124442.521,119210.9385,122697.6933,124756.4358,127880.3126,132891.011,139978.1179,146566.2663,156382.5644,167173.9428,173103.2764,175962.1623,182951.0287,195006.6078,202892.5654,212781.6821,222113.6715,228962.0712,237162.3956
45,Comoros,576.4579421,586.7242264,636.7772209,655.918346,621.3076205,643.7368255,635.1107521,661.9124258,669.5244187,682.3792876,698.7189513,714.7894872,731.2296454,746.5854679,760.7705918,782.0721684,868.8821791,875.8332365,908.7751937,941.2670255,934.6423415,972.6430466,1013.615213,1109.515049,1150.81281,1206.489553,1246.346785
46,Congo,4330.404931,4434.134041,4549.951319,4505.37621,4257.892482,4427.583309,4710.594025,4595.798514,4761.172245,4637.28402,4988.49009,5178.533174,5415.847637,5459.606322,5654.531373,6086.924578,6466.799374,6363.763047,6741.08269,7246.714151,7878.211354,8145.537138,8457.417221,8734.119866,9331.766596,9443.747795,9732.266034
47,Cook Islands,121.7213723,130.4018765,138.1914898,143.5719731,149.1967654,142.6685973,142.2788121,138.9375377,137.8651761,141.5617887,161.2024253,167.7900435,173.2262268,180.6853455,184.662561,182.5575771,191.6928082,191.3066381,184.5838933,186.5444069,180.9857939,182.7724909,191.330108,188.6374894,200.2450646,211.1701188,216.3512938
48,Costa Rica,9952.209008,10177.36107,11108.79438,11932.36225,12496.71183,12986.69067,13101.83324,13832.678,14994.32503,16227.18689,16519.4111,17096.01611,17658.77476,18410.23983,19208.61365,19952.15476,21396.2384,23143.86093,24219.95748,23984.89109,25172.59024,26256.79929,27516.31692,28079.77421,28911.49918,29969.63879,31160.41125
49,Cuba,38540.89441,34419.8332,30433.80897,25905.81197,26091.53852,26732.66007,28828.16647,29628.1961,29676.08808,31513.27102,33377.43701,34440.52208,34931.47324,36256.56247,38348.62418,42643.6,47789.65129,51259.4834,53370.46828,54144.79977,55439.05124,56992.62023,58710.89091,60324.03285,60955.97332,63661.28595,66092.3955
50,Cyprus,10041.65911,10112.53913,11059.22426,11136.90099,11782.5888,12951.8867,13124.52588,13461.24905,14165.9547,14850.04018,15700.07424,16265.37431,16818.28033,17234.6325,18022.36729,18693.51031,19536.63442,20478.47215,21269.71676,20892.63068,21168.04172,21236.04444,20565.44983,19341.18142,19045.04052,19364.87269,19249.41577
52,Azerbaijan,12142.99132,12057.99039,9332.884513,7176.955469,5766.342541,5084.977372,5148.795769,5447.740355,5990.67219,6433.762755,7147.545912,7855.316719,8596.773493,9474.357922,10351.09618,13245.42188,17810.61672,22345.77251,24712.51099,27027.95039,28276.79207,27820.60047,28405.19842,30071.20208,30870.09266,31075.28897,31281.84924
53,Benin,2430.507709,2533.21609,2608.141296,2760.356911,2816.127174,3101.451977,3235.815714,3421.377947,3556.899143,3746.88911,3966.371522,4177.903612,4371.885426,4522.43461,4722.76388,4803.672097,4993.117209,5292.021697,5551.150137,5679.897904,5799.9738,5971.87102,6249.228275,6679.074817,7115.917691,7488.863512,7806.857796
54,Denmark,190182.1507,192832.6357,196606.3927,196627.3498,207112.4023,213383.0079,219571.261,226731.2159,231760.4813,238592.7967,247532.6307,249570.1939,250734.0518,251712.0998,258428.2656,264466.8671,274815.4031,277314.1704,275894.2519,262357.4299,267266.1181,270838.8639,271452.2285,273985.826,278577.6484,283051.8454,288242.4517
55,Dominica,286.075507,291.2092157,299.1716063,298.3950662,302.6660364,308.642849,319.4825844,327.4516677,337.8012918,339.96542,342.1295479,343.2890879,336.2946983,362.0702559,371.615633,370.4148148,387.3388431,410.4170632,442.5014182,437.5105185,442.6515205,443.439557,438.3736065,455.3857869,474.4526216,466.0920784,474.3259691
56,Dominican Republic,16598.06691,16725.3771,18483.73288,19818.75746,20275.2207,21389.09401,22914.41437,24748.54698,26483.5816,28262.03342,29860.70498,30400.96721,32160.62388,32079.12856,32500.00705,35510.40148,39299.77141,42630.29312,43970.46653,44381.93393,48066.5899,49422.49288,50722.0604,53145.42954,57046.77088,61013.41177,64369.62871
57,Belarus,23817.71056,23487.673,21222.50133,19617.90117,17325.84094,15515.66974,15946.45679,17767.76354,19268.14936,19932.63275,21086.25273,22085.81009,23182.71216,24801.83813,27617.47296,30210.09184,33238.20143,36080.9301,39777.34484,39837.36387,42921.08776,45300.53952,46091.23735,46556.28292,47369.47442,45502.63302,44854.54151
58,Ecuador,26804.26301,27954.52572,28545.57124,29108.83761,30348.36482,31031.97654,31569.37203,32935.65175,34011.5045,32399.56809,32753.30708,34068.55867,35464.27143,36429.92004,39421.1884,41507.085,43334.86046,44283.92163,47099.10836,47365.92085,49035.71102,52893.90987,55878.1642,58642.18389,60983.59535,61079.79315,62587.31698
59,Egypt,48644.45502,51242.70841,54657.22335,56232.89169,58452.97301,61117.0706,64244.83119,67772.59936,70499.81565,74807.28812,78834.39256,81612.58486,84212.36114,86834.96832,90413.27134,94456.32181,100920.7596,108073.8489,115807.92,121220.3187,127459.8132,129708.9333,132596.5133,135392.4495,138410.0642,144229.1781,150292.9424
60,El Salvador,9701.920463,10048.90118,10806.92371,11603.34248,12305.38734,13092.51018,13315.8146,13881.2497,14401.61973,14898.34577,15219.05539,15479.13936,15841.45837,16205.85886,16505.76653,17093.79409,17762.5352,18444.63222,18679.49998,18094.26859,18341.32008,18747.88974,19100.55916,19453.27305,19730.56258,20215.06245,20711.37539
61,Equatorial Guinea,420.1758335,421.5303291,477.5838735,522.8691776,571.9133207,638.8472178,859.8994497,1679.058196,1975.962851,2434.412626,2753.081147,4620.158307,5551.947189,6306.583666,7823.394928,8519.677076,8971.219961,10342.21202,12183.03362,12346.69517,11244.85608,11978.46179,12974.21242,12437.96468,12375.8925,11455.51048,11589.69191
63,Estonia,10589.50929,9742.365108,7680.037332,7239.165232,7094.975597,7397.616121,7791.453681,8710.737574,9069.381065,8991.706625,9941.95686,10571.15455,11213.49963,12045.11108,12803.32028,14003.46653,15441.88642,16638.35351,15736.64531,13419.518,13748.17223,14792.70261,15429.82784,15648.24409,16089.93442,16322.36369,16452.23753
66,Fiji,2148.410593,2091.001882,2172.698893,2210.235358,2322.957359,2381.031278,2495.32078,2440.423721,2472.149286,2689.69839,2643.973538,2696.852978,2783.152289,2810.983783,2959.965952,2980.685713,3035.902393,3008.822986,3039.215138,2997.253587,3089.952152,3175.695942,3220.155686,3371.503003,3560.307171,3688.478229,3788.241427
67,Finland,143591.887,135099.2513,130607.7019,129648.397,134755.5857,140424.9293,145562.843,154663.1523,163059.0609,170305.6245,179902.0867,184544.9855,187645.9412,191387.5714,198901.5569,204430.9307,212721.0086,223750.1692,225362.6661,206727.3449,212913.3247,218386.9383,215272.327,213640.4846,212126.9906,212573.0731,216322.3922
68,France,1650028.433,1667173.966,1693843.268,1683465.89,1722949.656,1758874.613,1783287.863,1824969.246,1889868.826,1954258.53,2029989.219,2069664.332,2092812.635,2109963.898,2168756.44,2203623.837,2255958.733,2309233.173,2313742.985,2245687.913,2289830.443,2337441.265,2341711.608,2355205.523,2370199.271,2400399.884,2430985.307
70,French Polynesia,4127.045089,4365.046365,4383.980445,4409.650069,4413.42071,4435.472216,4473.325746,4550.458594,4708.820073,4886.813472,5136.52964,5208.756033,5319.298227,5502.720717,5623.780572,5702.783146,5753.514199,5851.613523,5852.00275,5604.381399,5466.187604,5304.27134,5255.072223,5487.728501,5633.616753,5724.980587,5775.676182
72,Djibouti,543.4939066,526.391925,557.2533985,584.2195396,570.0638215,601.9961767,571.3488796,597.6524126,596.5453886,609.5441495,617.4525765,629.801628,646.1764704,666.8541174,686.8597409,708.6331947,798.6296105,838.561091,883.8433899,928.0355594,960.516804,1003.74006,1051.919583,1104.515562,1170.786496,1246.887618,1317.04326
73,Georgia,12375.32695,9735.257202,5402.812897,3820.292668,3423.70285,3511.950751,3908.312431,4319.427477,4453.544518,4581.326991,4665.547534,4889.748168,5157.40513,5727.716199,6059.693458,6410.91205,6782.4872,7175.59877,7591.495006,8031.496503,8497.000396,8989.4848,9510.513499,10061.74092,10644.91736,11261.89459,11914.6317
74,Gabon,7865.920793,8346.725039,8088.79983,8281.899697,8735.574669,9170.04937,9502.488345,10047.77604,10344.94799,9246.533183,9124.860895,9339.612091,9171.92437,9400.605643,9475.285476,9578.972813,9279.765074,9867.382083,9526.517774,9478.885185,10123.44938,10842.21428,11416.85164,12056.19533,12659.0051,13147.22289,13585.26258
75,Gambia,389.1157358,400.3192587,414.3806426,426.8622064,427.5210522,431.2911388,449.6145568,451.5019187,468.0025468,500.0418311,530.717639,561.4155734,563.9822601,576.9715796,630.1070684,624.1725118,631.1873969,654.1063135,691.6169161,736.2257848,784.2605276,750.3135592,794.2988826,832.288371,839.5705764,879.169783,908.4280992
79,Germany,2286945.104,2403768.241,2450012.102,2426585.937,2486216.176,2529417.678,2550105.725,2597262.297,2648678.18,2701310.99,2781325.047,2828481.619,2828481.619,2808402.053,2841259.526,2861339.104,2967213.216,3063960.251,3097121.964,2923099.004,3042359.493,3153709.856,3169225.882,3184741.92,3235549.321,3291224.502,3354058.284
80,Bosnia and Herzegovina,2869.781094,2601.513253,2434.056217,2380.960994,2646.00875,3196.378584,4928.793425,6734.758973,7853.831716,8601.639825,9067.359856,9311.176386,9780.554874,10161.8426,10803.51245,11224.98115,11828.71229,12506.35025,13191.8853,12813.29423,12911.60355,13028.87214,12907.28938,13216.31377,13359.29793,13769.88346,14193.08794
81,Ghana,8718.811976,9179.324466,9535.428939,9997.897243,10324.74909,10740.15559,11233.78967,11705.41159,12254.83431,12797.54018,13335.74773,13941.06424,14609.34903,15372.56312,16195.45654,17198.88726,17982.14461,18763.4169,20480.15871,21472.34665,23168.60478,26423.1273,28878.57289,30990.32578,32225.55847,33476.73518,35552.53413
83,Kiribati,82.20865213,87.37816865,87.54117948,88.04833959,89.20515735,88.6332731,91.29930977,93.45185233,100.238382,97.47362984,109.2085904,104.0104711,104.3156471,108.6765744,106.8455815,112.1362148,110.3632851,112.7936864,110.7098852,111.0305812,109.2456075,109.7664853,115.4609817,122.1371255,125.0788641,129.7067821,131.6729504
84,Greece,160922.9166,165911.527,167072.9077,164399.7411,167687.736,171208.7085,176108.9224,184005.9972,191172.8556,197046.8264,204770.6102,213230.9374,221595.7138,234436.1468,246301.1453,247776.8391,261782.2606,270352.3492,269446.2023,257858.0388,243730.941,221472.2262,205303.6574,198648.8932,199349.8224,198912.9548,196516.4734
85,Greenland,1280.849639,1279.39633,1213.997426,1152.95845,1221.263971,1266.800986,1286.178439,1305.071455,1406.318647,1425.6961,1526.943291,1546.320744,1531.303218,1525.489982,1590.503761,1649.849673,1738.535135,1797.547643,1834.722188,1822.052836,1868.22929,1909.404683,1899.769308,1874.497285,1843.874128,1848.556538,1885.088598
86,Grenada,391.8118216,400.8113533,399.6232577,389.0745426,399.7873458,408.3007223,426.4220552,447.8092573,500.4425071,534.9648455,561.1147833,549.7776907,568.6371939,622.4705583,618.4419688,700.5111111,678.4679527,713.7377192,720.5114538,672.5605431,669.4232344,674.5570122,665.9294134,680.4038147,696.9103364,740.357909,766.0588645
89,Guatemala,15661.35087,16234.28205,17019.75221,17688.32592,18401.71764,19313.32507,19881.63583,20736.41218,21725.1805,22625.69893,23442.12585,23988.72067,24916.27461,25546.85359,26352.11129,27211.21967,28675.12255,30482.81826,31482.98364,31648.59756,32556.75027,33911.77816,34918.90962,36210.06619,37721.5356,39286.52034,40846.1886
90,Guinea,2405.463497,2440.458713,2520.322779,2647.561172,2753.481174,2882.345395,3010.943399,3166.958547,3282.366356,3407.490294,3492.781839,3622.014768,3810.359535,3856.08385,3944.773778,4063.116992,4101.737927,4369.079627,4549.805948,4480.204303,4669.021072,4931.127777,5254.626701,5484.371616,5543.581171,5551.631171,5771.872397
91,Guyana,787.8455434,834.9950262,900.3872165,974.3435638,1057.38988,1110.114655,1197.630175,1272.205987,1250.469494,1287.60695,1269.880111,1298.452404,1312.099149,1298.909203,1341.694296,1315.43853,1382.91672,1479.720891,1509.315308,1559.122714,1627.724113,1715.621215,1797.971033,1891.465527,1963.341217,2024.204795,2063.301071
93,Haiti,4271.233595,4351.625912,4120.511163,3896.728738,3431.316007,3770.732179,3926.947516,4033.160256,4121.157234,4232.850856,4269.65969,4225.136675,4214.412153,4229.686472,4080.843106,4154.289832,4247.885661,4389.90433,4426.952679,4563.446595,4312.557778,4550.77216,4682.066308,4880.957443,5017.451359,5100.322665,5167.964124
95,Honduras,5625.211319,5808.14502,6134.812344,6517.013114,6432.079609,6694.50236,6934.058397,7280.325761,7491.57063,7350.01479,7772.504529,7984.150399,8283.920311,8660.628839,9200.346757,9757.044729,10397.76846,11041.26147,11508.54088,11228.69794,11647.66071,12094.31628,12593.66102,12945.21372,13344.62392,13829.73603,14349.89772
96,"China, Hong Kong SAR",100205.7381,105919.3491,112523.3786,119501.0365,126714.2188,129722.0479,135246.2058,142143.3763,133781.6002,137135.239,147644.4435,148472.4075,150932.1091,155545.0668,169077.6041,181569.304,194338.3112,206901.8119,211304.5349,206108.264,220057.0924,230652.0621,234573.7303,241817.4802,248302.8679,254353.492,260551.5573
97,Hungary,88595.72741,78241.88883,75844.41625,75407.47011,77629.8448,78786.16111,78790.56029,81395.26762,84829.28112,87548.01648,91227.07652,94670.07879,98933.13291,102720.0431,107861.5811,112589.0396,116930.1868,117454.4411,118498.8514,110721.0201,111470.7101,113409.6577,111592.2538,113954.8257,118566.9435,122299.5303,125633.6628
98,Croatia,42544.51441,33572.45869,29640.0471,27261.2117,28861.61891,30833.96425,32645.05738,34814.48012,35462.68499,35130.92927,36454.47982,37706.48632,39684.74703,41890.38115,43600.69185,45416.09349,47589.37122,50040.22225,51067.73241,47297.00158,46492.3579,46361.60012,45347.46904,44865.0003,44644.37311,45377.18929,45865.65972
99,Iceland,10494.14755,10470.69045,10117.42044,10250.30764,10620.22668,10632.60814,11141.38508,11688.78245,12456.40266,12955.13509,13561.50202,14081.41523,14125.72971,14470.41732,15642.48855,16691.22231,17525.89378,19164.57699,19455.75697,18104.76064,17460.25563,17807.21374,18024.02286,18818.84146,19181.39141,19981.2591,21027.70569
100,India,340414.8153,341855.894,360385.8707,378242.7772,406473.4178,437551.3785,469906.8472,490950.0739,520345.0871,557438.6055,579905.6663,610158.7664,633142.0161,686141.5614,743066.1363,812058.8783,887287.7266,974253.9939,1012161.798,1097990.959,1210644.425,1291011.281,1363547.561,1454070.93,1559396.147,1677339.035,1797711.009
101,Indonesia,159806.8105,174074.2893,186643.3165,200181.7602,215275.3979,232971.345,251185.0832,262989.8679,228468.4452,230275.554,241605.6464,250408.467,261675.5344,274184.5908,287978.472,304371.8518,321115.2007,341490.0315,362026.2298,378783.9577,402358.9188,427183.5959,452942.9831,478114.219,502134.1469,526206.0628,553002.2573
102,Iran (Islamic Republic of),122598.6867,138188.5177,142745.95,140646.1407,138257.5668,141577.1926,150568.089,152601.3594,155775.4856,158895.1954,168183.4577,172206.6965,186118.9815,202198.3557,210967.023,219845.9718,232386.5398,253571.2857,255913.513,261837.1703,279059.1812,289523.0368,270389.3647,265220.8024,276740.1135,277791.7856,282617.1337
103,Iraq,24473.50567,8291.644375,10417.14088,15476.96143,14762.26468,12059.20024,18045.22128,21994.06608,29660.55861,34875.55693,35366.07285,36181.37293,33684.79299,22534.67724,34739.21437,36267.95421,39952.12539,40502.5053,43179.25847,45687.52979,48218.00751,53143.03785,59847.78521,75414.07073,74932.47223,73104.41807,74671.36786
104,Ireland,80842.30072,82402.26565,85157.19941,87450.14996,92483.62932,101393.8927,110612.4337,122501.2028,132580.4888,146982.6707,161552.1592,171329.1478,180884.122,187528.1994,200139.2833,211679.5603,224096.9543,232605.0942,222432.1533,212277.861,216594.6377,216506.7754,214118.9645,216471.789,234790.4257,296484.0924,302352.5159
105,Israel,71791.72285,77338.43403,83339.32894,86770.20609,93215.36272,99530.11578,105536.3402,109806.3617,114374.2734,118424.5752,128900.5434,129021.0654,128770.2742,130209.9388,136783.5224,142462.446,150592.4359,159950.7769,164758.6414,167051.8016,176499.8505,185434.7387,189851.2935,198159.8885,204427.7651,209554.5476,217516.3654
106,Italy,1501147.248,1524241.611,1536957.985,1523850.719,1556629.108,1601566.449,1622168.463,1651941.18,1678637.758,1704822.005,1768072.742,1799406.279,1803878.637,1806608.336,1835187.724,1852615.857,1889790.217,1917643.297,1897500.27,1793478.282,1823725.71,1834241.763,1782534.137,1751729.142,1753338.894,1766168.61,1751789.214
107,Côte d'Ivoire,13406.43954,13414.03096,13330.52539,13277.38548,13562.06356,14518.58189,15497.87448,16378.41034,17218.43461,17553.03383,17084.67008,17105.40827,16820.14545,16591.47472,16795.83688,17084.93702,17343.92256,17650.04036,18098.8563,18687.33391,19064.37534,18227.97368,20179.54974,22039.81434,23920.60025,26186.83631,27567.94357
108,Kazakhstan,50254.38728,44749.03309,42368.81028,38454.92671,33621.38247,30849.76018,31004.00898,31531.07714,30931.98667,31767.15031,34880.33104,39589.17573,43468.91495,47511.52404,52072.63035,57123.6755,63235.90877,68863.90466,71136.41351,71990.05047,77245.32416,82961.47814,86943.62909,92160.24684,96030.97721,97183.34893,97183.34893
109,Jamaica,9016.553481,9095.369056,10035.00576,10232.43231,10323.70333,10429.96223,10462.68292,10359.69984,10232.64417,10333.82054,10405.26729,10538.54131,10609.6643,10998.64836,11144.25195,11243.85905,11569.82039,11736.9121,11641.52211,11137.11586,10973.51344,11163.25201,11093.81809,11149.69612,11227.14276,11339.01405,11377.23599
110,Japan,3925859.86,4056368.82,4089591.692,4096587.459,4131964.697,4245269.938,4376870.332,4423987.853,4374051.808,4363030.234,4484302.515,4502519.97,4507837.481,4576728.148,4677632.661,4755410.128,4822936.209,4902721.218,4849110.991,4586428.842,4778705.198,4773187.612,4844548.129,4941462.81,4958049.56,5018509.907,5062673.005
112,Jordan,5832.88457,5926.707473,6777.42532,7081.070351,7434.185639,7894.08845,8058.53441,8325.560596,8576.334466,8867.040244,9243.505938,9730.629636,10293.43007,10721.81163,11640.37043,12588.66569,13607.46156,14720.02428,15782.87392,16649.08751,17033.91188,17474.54238,17937.82241,18445.23482,19016.3671,19469.44643,20216.14647
113,Kyrgyzstan,3068.600249,2824.832939,2433.937138,2057.666807,1644.381161,1555.192856,1665.370531,1830.496247,1869.336362,1937.675363,2043.149555,2151.878239,2151.505435,2302.762575,2464.5725,2460.246796,2536.585763,2753.283107,2984.603384,3070.747829,3056.267208,3238.306866,3235.452292,3576.278518,3720.189347,3849.253162,4015.451996
114,Kenya,14913.59842,15123.52238,15003.56583,15057.54628,15453.4029,16134.15634,16802.91412,16848.3357,17413.70982,17780.20936,17868.69044,18666.91315,18773.64514,19319.06741,20305.03819,21505.53187,22865.93786,24432.43264,24489.22906,25299.05596,27424.16068,29100.2195,30425.72016,32158.01648,33872.64033,35786.17384,37481.28787
115,Cambodia,2085.885753,2244.134865,2401.896109,2500.171641,2692.067027,2851.487045,2982.660637,3150.279988,3308.078544,3702.062691,4026.639982,4354.73301,4641.234246,5036.016937,5556.780112,6293.048259,6970.872441,7682.779405,8196.880425,8204.000067,8693.196638,9307.773242,9988.484094,10730.41871,11489.22299,12297.61474,13157.94149
116,Democratic People's Republic of Korea,15190.64507,14519.64746,13491.07648,12886.82302,12614.81571,12062.99478,11658.58341,10902.71363,10804.137,11460.823,11508.05131,11940.30526,12083.72492,12303.4298,12558.87033,13031.19679,12897.53504,12744.48756,13139.35786,13019.96435,12958.4678,13061.77159,13232.64352,13374.50192,13514.01843,13359.62653,13206.99849
117,Republic of Korea,364276.4782,401993.4875,426818.6182,456041.796,498025.6491,545689.7124,587132.1672,621903.2231,587877.5342,654358.3794,712756.1089,745010.5093,800382.9209,823859.896,864227.7164,898137.2239,944626.1882,996234.8613,1024420.569,1031668.446,1098693.816,1139144.3,1165258.02,1199006.28,1239070.448,1271434.171,1311633.449
118,Kuwait,30611.96483,18058.67443,33012.94146,44155.9509,47966.69775,48626.34767,50080.53624,51332.24286,53209.80278,52258.75119,54706.94207,54825.15067,56480.07113,66263.01522,73048.18911,80797.94521,86870.08479,92075.04606,94358.36346,87681.46865,85602.88855,93845.13288,100063.6927,101213.6941,101720.8548,103599.3154,103599.3154
119,Latvia,17904.56356,16040.24512,10448.8018,8895.203095,8952.659786,8880.082913,9089.566062,9905.275191,10551.27439,10827.60682,11413.0403,12150.47262,13013.52384,14110.65495,15286.85489,16922.09492,18934.02844,20817.849,20066.55041,17190.56344,16539.10127,17566.37455,18268.8798,18798.38534,19193.05178,19718.62859,20258.59763
120,Lao People's Democratic Republic,1097.677541,1144.839955,1208.491428,1279.944167,1384.375049,1481.71398,1584.371921,1693.251405,1760.432985,1889.05684,1998.599134,2113.546822,2238.642355,2377.657497,2544.599636,2716.783867,2692.194806,3183.119986,3430.916365,3688.301997,3988.19934,4308.870044,4649.202255,5019.650073,5399.283524,5807.529554,6234.934505
121,Lebanon,9188.883221,12699.10177,13270.55334,14199.22217,15335.60694,16337.78052,17176.97125,16784.17066,17387.16604,17308.38926,17541.02553,18234.5128,18849.72275,19459.96187,20915.33394,21489.88391,21855.40917,23896.88383,26107.18614,28732.3221,31041.77715,31326.37233,32191.94901,33162.03804,33762.27346,34271.59999,34535.01217
122,Lesotho,801.4687927,821.6965583,882.8538414,913.1133708,959.7802256,979.2056599,1036.754769,1074.101787,1096.64001,1129.264605,1187.300171,1237.513519,1244.101751,1302.464485,1332.33765,1368.346497,1427.287264,1494.847412,1580.554099,1634.04454,1762.596119,1833.903651,1925.504321,2012.152016,2084.589488,2143.476803,2241.561729
123,Liberia,417.707327,358.287575,232.579939,155.885794,121.961382,116.758251,130.910767,270.04248,350.245084,430.451218,541.077175,660.632794,871.3256,585.251008,555.3459,608,690.08,762.372,883.177,991.76,1098.752,1162.068,1257.076037,1358.751305,1368.060956,1371.876388,1374.092582
124,Libya,30515.39514,35292.62043,34335.38782,33043.28104,33682.59806,32934.70731,33637.57453,35390.99063,34133.81604,34389.70335,35193.88487,35373.98151,34931.71689,39472.87694,41210.87506,45451.48085,48503.80981,50971.11259,58429.51955,57993.28737,60501.33157,23433.22931,52656.61159,25207.85818,19157.97222,17203.85905,14493.64643
125,Liechtenstein,2240.080093,2280.427745,2362.712315,2465.067351,2634.32247,2789.10337,2981.69942,3197.131237,3445.268965,3803.953281,3926.447816,3897.663354,3858.923731,3784.154591,3899.161548,4087.416053,4453.380415,4868.067302,4736.015709,4238.326323,4552.103961,4367.199901,4414.076299,4584.645827,4725.649635,4793.06794,4952.29299
126,Lithuania,24868.86004,23457.38735,18470.58828,15473.39134,13962.25189,14421.62117,15164.32867,16421.94113,17648.19638,17447.95237,18116.49983,19298.49834,20603.22147,22774.50531,24266.25432,26141.40678,28077.55552,31190.5013,32010.21199,27268.1669,27715.31566,29391.91308,30519.0641,31589.31448,32693.36613,33274.84255,33866.66098
127,Marshall Islands,111.57214,111.6701812,119.6442755,126.8304279,134.2852027,145.3143113,130.3426807,123.3490402,119.8051104,116.9663616,123.8831706,130.5914473,134.0399903,134.4107777,134.2513079,137.796159,140.3923099,145.6381558,142.8860259,140.4319061,149.1163646,150.9956923,157.045014,160.0193859,158.3007939,159.3050872,164.6102963
128,"China, Macao SAR",5336.977289,5638.061955,6363.711358,6689.682426,6980.907725,7191.082229,7123.63056,7128.390254,6836.213016,6809.626724,7053.799044,7257.513963,7906.872265,8828.349092,11190.38142,12092.2755,13702.27612,15681.901,16214.10282,16428.28907,20578.74255,25038.71215,27349.67976,30413.01904,30153.88768,24017.9617,24952.61824
129,Madagascar,3791.743312,3552.501963,3594.640047,3670.003826,3667.375801,3730.169092,3810.327256,3950.917788,4105.817,4298.768093,4502.410584,4772.03734,4168.334176,4576.286195,4816.861726,5038.577053,5291.644977,5621.878976,6022.625574,5773.89068,5796.096785,5880.4024,6058.428036,6195.05795,6400.477037,6595.957591,6757.189318
130,Malawi,2588.888378,2790.839646,2569.856321,2846.614146,2516.725163,2743.788173,3009.17963,3123.300333,3160.853506,3200.044082,3250.591017,3094.71941,3176.886014,3358.147676,3540.175499,3655.893805,3827.724159,4195.185438,4515.684514,4891.756529,5228.039457,5481.811374,5585.187346,5875.617088,6210.527262,6393.737816,6646.29543
131,Malaysia,57312.42957,62783.16886,68361.52748,75125.8619,82046.48771,90110.90687,99124.43116,106383.0574,98553.88648,104602.7417,113869.3606,114458.8342,120629.2966,127611.9226,136268.3979,143534.4185,151550.5962,161096.4438,168880.2533,166324.2022,178673.5204,188132.3408,198429.6783,207743.4168,220234.3845,231175.1289,242748.201
132,Maldives,415.9251207,447.7561249,475.7674085,505.0519323,538.58059,576.7675457,627.6522974,699.9570364,765.0767452,824.6080973,860.8157363,888.8434948,938.2462127,1077.092833,1218.829947,1119.806502,1342.512411,1479.07396,1666.530931,1577.77718,1690.857995,1838.113665,1884.041601,1972.548388,2090.851444,2150.370198,2314.830635
133,Mali,2843.912991,2838.33585,3113.331811,3212.091932,3333.506888,3364.209233,3601.580617,3778.067747,4083.188833,4315.968917,4313.344032,4945.73292,5337.929277,6029.312016,5658.343995,6245.031183,7026.513013,7609.912733,8336.344241,9315.5719,10328.0894,11128.50491,12376.63559,13244.79248,14276.39302,15362.97753,16706.68968
134,Malta,3442.95077,3658.358645,3829.969899,4001.581152,4227.71473,4495.857314,4665.680951,4910.954809,5162.670863,5406.347515,5772.36772,5807.484135,5980.710839,6132.846281,6160.04009,6393.114586,6510.026552,6769.545421,6996.089121,6823.825977,7065.572514,7194.368389,7399.49964,7730.429023,7997.977561,8490.249739,9012.821065
136,Mauritania,1287.384026,1324.192359,1353.134801,1470.442452,1541.260674,1504.20023,1663.005494,1595.743823,1640.07004,1749.472583,1741.942743,1776.934835,1788.751526,1895.687624,2004.635137,2184.444849,2596.631095,2669.799532,2698.632491,2670.510536,2797.992621,2920.696942,3095.03404,3271.45098,3487.69389,3530.846062,3641.24707
137,Mauritius,3316.592264,3453.475341,3667.854935,3852.452052,4015.735465,4193.10636,4408.433167,4664.489587,4947.772075,5076.895167,5493.349072,5677.258903,5773.599254,6110.744075,6375.355192,6488.726809,6804.431725,7205.249364,7602.337132,7834.13106,8155.346245,8472.576526,8745.558427,9024.469866,9351.518952,9678.819737,10017.57597
138,Mexico,560247.6612,583902.7221,605090.5596,616892.9996,644130.8354,604407.3246,635554.3383,678593.9027,712729.7303,739505.911,788246.5573,787987.8067,794070.6583,805110.3343,839005.1533,864809.6612,907845.3111,937121.8124,950053.5984,904986.1273,952037.5171,989353.4042,1029312.294,1043670.145,1066952.259,1093252.223,1127406.292
140,Monaco,3147.10236,3179.804068,3230.670478,3210.877685,3286.185147,3354.704886,3401.268324,3480.767305,3604.550395,3727.361001,3871.802288,3947.474705,3991.625509,4024.338143,4136.473272,4202.975924,4447.722977,5088.449485,5117.476247,4510.364125,4608.616873,4932.452958,4982.633123,5460.817474,5853.745914,6169.727765,6387.673218
141,Mongolia,2145.985759,1947.55074,1762.578408,1709.646152,1748.969666,1859.364941,1903.114187,1979.207551,2049.121211,2115.014941,2137.355071,2200.464908,2304.615379,2466.045723,2728.066989,2925.958656,3176.310375,3501.816673,3813.488834,3765.107833,4004.771289,4697.227371,5275.917316,5890.504502,6354.984064,6500.85914,6709.032369
142,Montserrat,117.6894651,109.451561,109.66367,106.8647005,113.1480924,103.1614189,76.12604639,59.29245917,48.95658468,45.30404619,44.15870452,44.01940261,45.03282399,45.25222449,47.39050876,48.87407407,48.52581931,50.09644831,52.32876137,52.08846558,50.61883046,53.38397331,55.3481302,58.15158108,59.29733927,59.5480827,59.71965612
143,Morocco,38816.02129,41513.42408,39839.66949,39436.28026,43521.1035,40657.65419,45624.89809,44608.43339,48032.08764,48286.37773,49055.37097,52760.00904,54509.54989,57952.90019,60735.72104,62544.74203,67398.12154,69221.79236,73321.99134,76433.56719,79350.04818,83512.57061,86026.24755,90091.276,92268.85528,96328.68492,100097.9748
144,Mozambique,2493.451264,2615.630355,2478.798084,2696.117826,2862.168015,2926.20359,3711.752361,4114.181729,4602.098746,4962.119738,5045.409064,5687.233828,6187.372444,6589.589192,7104.314268,7723.857919,8484.739445,9114.799614,9741.574779,10360.30662,11053.16419,11839.89915,12692.16403,13598.55087,14610.84744,15577.03256,16667.86888
145,Micronesia (Federated States of),196.3367352,207.9564377,216.3641392,231.0504596,234.0045624,244.766389,237.1823469,223.0723168,229.1462655,232.8759171,243.3096412,247.3311748,248.5752335,252.9352049,245.5845683,250.644,250.322426,245.5018779,240.0534947,242.9364316,250.9135097,253.392182,249.1719055,241.5878623,235.7556321,244.4738618,245.4428513
146,Republic of Moldova,6101.474701,5034.763131,3572.261171,3530.498187,2438.898162,2405.356041,2263.991726,2301.283198,2150.729252,2078.287449,2122.091953,2252.41862,2428.324289,2589.160984,2779.808132,2988.33251,3131.313829,3225.204056,3477.982224,3269.665435,3501.617815,3740.272843,3712.842109,4061.858126,4256.528671,4224.731678,4579.954377
147,Namibia,3820.778765,4103.775319,4440.11835,4355.544667,4674.205691,4866.474722,5021.975174,5233.777513,5406.13023,5588.441104,5783.391178,5851.516562,6131.725868,6220.509412,6945.685589,7121.360217,7625.066509,8034.840951,8247.749132,8272.160073,8771.746325,9218.335219,9684.919625,10232.55938,10893.46091,11470.29388,12005.2707
148,Nauru,119.6473873,96.9218812,81.16207582,68.08085164,65.44878072,60.26295294,53.1161056,48.36023299,42.65955505,39.85758143,37.12484888,34.61482123,31.16327526,31.25198467,29.90351183,26.29301348,21.09573559,21.17239161,41.40957982,33.88962466,40.70098234,46.49256589,55.90357054,70.66134917,79.53767198,94.41608572,109.9365463
149,Nepal,4270.878256,4542.780744,4729.402057,4911.330339,5315.00434,5499.352466,5792.891134,6097.620351,6277.045517,6558.490361,6959.568709,7351.288145,7360.095991,7650.471864,8008.696458,8258.829299,8565.755265,8858.428838,9399.203952,9825.277266,10298.66986,10650.90046,11160.14048,11620.93292,12316.90469,12652.57387,13297.23718
150,Netherlands,458500.5874,469683.5921,477696.7547,483704.3477,498027.2411,513545.6624,531862.3943,554731.7721,579835.6872,609127.2081,634946.6674,648434.6129,649106.5856,650949.5458,664168.4193,678516.888,702391.4341,728369.1923,740744.6277,712836.455,722835.1423,734860.4182,727092.6687,725708.7263,736011.5427,750376.3608,767044.9245
153,New Caledonia,4324.027225,4535.905776,4559.492252,4583.648198,4702.373253,4981.695687,5004.107295,5104.54735,4941.187771,5158.600033,5287.565034,5393.316335,5528.149243,5793.500407,6019.446923,6236.147012,6591.607392,6871.111374,6911.801769,7073.057766,7563.807344,7767.666755,7888.868508,8035.63028,8282.922706,8550.15698,8802.03631
154,The former Yugoslav Republic of Macedonia,5749.931819,5569.94824,5115.664065,5053.033443,4959.952941,4904.659567,4962.776829,5034.24662,5204.365346,5430.177928,5677.233946,5503.099234,5585.317115,5709.435273,5976.318734,6258.60283,6580.108833,7006.071313,7389.423342,7362.923699,7610.226644,7788.31804,7752.809331,7979.557805,8269.185102,8586.860222,8876.672062
155,Vanuatu,257.0128323,288.1831248,286.084704,298.95939,306.5661655,320.9053743,329.1241892,336.9276916,344.1191546,346.8402712,364.9141241,357.4299855,351.4264419,360.6910537,375.0728714,394.9624318,428.3966331,450.5509773,479.614234,495.4941577,503.5663054,509.7349772,518.6795514,528.8931094,541.0806425,535.669836,550.2066188
156,New Zealand,69884.41518,68734.00252,69599.33485,74146.11381,78016.14234,81616.85826,84333.9513,86869.40025,87783.92785,92299.17137,94331.94549,97933.29212,102889.401,107534.5705,111023.0203,114720.8654,117689.6112,122087.5429,120200.4625,122515.7941,123685.7587,127012.7471,130488.5827,132549.7387,136772.3334,140960.2391,144651.2907
157,Nicaragua,3877.879138,3870.52665,3885.491293,3870.315262,3999.418395,4235.889405,4504.67887,4683.363693,4857.19503,5198.946484,5412.185596,5572.431942,5614.444676,5755.969832,6061.736763,6321.324476,6583.790243,6931.925827,7129.604314,6932.883548,7154.13258,7599.949117,8024.828999,8388.61067,8771.571434,9203.91819,9425.793089
158,Niger,2143.224437,2150.998143,2155.471434,2175.522444,2233.690375,2307.05719,2424.468982,2436.497742,2746.22509,2773.51745,2701.862593,2904.985192,3058.281099,3162.245281,3136.266708,3369.007255,3563.610555,3675.740201,4028.160207,3999.45267,4334.176455,4432.921336,4958.214499,5219.432338,5587.393772,5788.836169,6101.544448
159,Nigeria,87796.24607,87806.52562,90116.03729,91519.20987,92237.38197,94219.24308,98112.5231,100948.0021,103790.0571,104282.2689,109828.096,114672.6858,139152.4021,153391.7943,169466.4783,180502.0136,191388.1313,203732.3436,216506.8965,231520.3873,249670.9818,261873.3679,273079.6554,287810.7088,305970.7548,314087.2205,326405.4741
162,Norway,192889.7167,198839.7361,205947.0702,211806.9073,222514.707,231757.858,243410.6325,256273.962,262999.7672,268294.7614,276894.3733,282668.5293,286732.4796,289369.9651,300826.2321,308722.0799,316116.2592,325377.726,326628.1723,321328.5215,323262.7086,326394.4121,335366.2398,338715.5607,345214.901,350776.4067,356427.5097
165,Pakistan,62684.55962,65857.38187,70931.88778,72179.09503,74876.72775,78592.56709,82401.61974,83237.49849,85360.24972,88484.54817,92254.0678,94082.89208,97116.55394,101823.1338,109325.4172,117708.4046,124979.8907,131019.9405,133249.1209,137022.281,139223.807,143050.2376,148067.0573,154533.515,161855.8615,170819.6018,179415.8574
166,Panama,7642.856705,8362.737888,9048.622891,9542.292528,9814.261963,9986.176293,10266.84617,10930.64803,11733.33394,12192.16894,12524.0148,12595.60452,12876.34634,13417.89499,14427.19983,15464.7,16783.49268,18816.4203,20436.82381,20763.47764,21960.98005,24554.14705,26820.4831,28597.11454,30328.19339,32080.3725,33762.32933
167,Czech Republic,106766.6773,94365.78926,93887.78657,93945.9071,96679.08427,102693.8826,107092.0552,106369.9643,106033.8005,107558.6198,112177.3333,115600.4485,117504.3296,121736.6506,127759.5181,135990.1214,145341.5423,153377.8632,157535.869,149908.3204,153348.8508,156423.0414,155171.9006,154421.3791,158614.0989,165808.2454,168463.1781
168,Papua New Guinea,4192.931334,4592.46197,5228.475772,6180.17786,6547.410731,6330.531095,6748.089752,6319.984771,6615.899354,6738.641197,6573.25656,6570.204476,6702.291893,6996.054987,7035.986421,7312.284812,7480.149437,8029.606125,8094.670412,8587.812838,9550.09121,9879.22676,10274.32403,10647.88279,11430.77988,12187.47322,12665.70729
169,Paraguay,5736.997257,5878.616147,5984.432821,6232.301452,6425.625737,6776.04372,6804.718701,7006.901615,7045.296928,6941.289371,6709.94546,6849.015713,7878.323096,8218.725249,8552.193403,8734.653762,9154.539073,9650.86362,10264.57333,9857.511569,11148.15592,11632.25423,11488.13427,13100.6407,13719.2966,14141.83315,14799.80129
170,Peru,42068.59174,43002.20279,42769.77196,45012.43789,50552.73357,54299.39637,55819.22185,59434.53485,59201.82632,60086.84072,61705.80337,62087.0788,65473.01561,68199.98186,71581.47554,76080.41446,81808.43206,88777.19153,96879.50255,97941.13106,106102.0358,112815.3157,119741.8655,126847.5287,129868.5741,134092.5948,138944.4749
171,Philippines,62102.97882,61743.81577,61952.26477,63263.36499,66039.12316,69128.89048,73170.07795,76964.21157,76520.34188,78878.63489,82358.14672,84741.58083,87831.17693,92196.67549,98371.73487,103071.5977,108475.4709,115653.0341,120455.8033,121838.9502,131138.2333,135937.468,145023.2821,155267.762,164922.9724,174660.3283,183363.4598
173,Poland,182710.0043,169891.84,174164.5835,180675.3961,190238.1871,203463.2731,215786.1881,229725.0044,240326.0036,251482.4431,262948.9641,266230.5815,271665.9554,281343.8636,295792.6984,306126.7508,325044.1717,347910.3855,362695.3428,372924.1564,386375.3833,405758.3525,412277.417,418011.4766,431732.9963,448747.2084,466583.8017
174,Portugal,142212.4144,148424.5463,150041.5968,146975.8313,148393.9103,154749.2956,160160.3878,167249.4258,175263.6349,182078.259,188974.4621,192646.8116,194127.8743,192314.3193,195798.2541,197299.6058,200363.7726,205356.8427,205766.062,199638.1341,203428.6457,199712.3047,191667.3804,189501.2403,191193.6641,194244.2815,197343.5734
175,Guinea-Bissau,450.9441835,464.4733752,478.8504431,489.7491317,504.2592285,524.5088916,544.1601867,576.7760653,479.2441087,542.6318231,541.7009612,552.5660724,545.4680134,547.6630275,562.784699,586.7956278,600.3465883,619.9350699,639.795985,661.3498933,691.844626,747.7797576,734.9714011,758.9027042,760.4819465,796.9605912,813.9802982
176,Timor-Leste,384.8665038,426.1022006,470.6704618,518.7012621,570.1513868,624.1215181,691.5316824,720.0917515,704.7617141,454.800995,516.9233451,549.8793417,525.1568654,522.1490046,1211.763769,1849.851325,2969.352683,2957.378393,3313.975681,3093.998585,3053.225672,3376.808577,3442.375606,3001.147035,2167.789792,2259.942536,2325.709441
177,Puerto Rico,51514.24277,52697.40459,55102.64803,57663.57064,60076.59803,62808.76775,64264.36815,67401.30375,71129.82026,74959.52825,77411.47543,82299.80188,83054.84594,83093.76573,85615.76856,83914.5,82731.65008,81770.03144,80261.97154,78694.91663,78369.70664,78088.74292,78111.60348,77871.93626,76783.47836,76748.08135,76630.3583
178,Eritrea,480.2461701,536.6458979,597.2901646,674.2336085,761.0889745,920.2942522,941.6872192,1027.717882,1108.907277,1130.70338,1132.815935,992.860833,1079.790131,1112.242453,1082.706684,1098.424709,1087.778597,1103.299258,995.3631635,1033.948436,1056.635226,1148.327821,1228.939991,1266.432258,1329.588602,1393.07229,1458.877014
179,Qatar,15583.30981,15324.27896,17060.60063,16834.52446,17073.35728,17482.98745,18247.67769,23724.17798,26385.71105,27516.09189,29725.11827,30883.84723,33102.08675,34333.45773,40931.83442,43998.3422,55513.22462,65497.87782,77066.79294,86281.37462,100717.7642,113832.3931,119168.0124,124423.649,129374.3193,133968.4217,142010.5595
180,Palau,132.80775,137.944542,140.594226,123.301072,132.302051,146.722975,161.982164,165.707751,169.021909,159.894726,160.37441,162.459277,170.32286,175.745211,170.4637,179.9,180.322521,176.543306,173.914288,161.942863,151.544154,157.318606,165.088296,168.327623,166.966166,176.425939,181.6737147
181,Zimbabwe,7372.114225,7779.237124,7232.176446,7384.804661,7813.192614,7825.88305,8587.65218,8710.097736,8752.97083,8438.110829,7748.827378,7733.829956,7274.504743,6731.694007,6486.48977,6222.94,5997.419542,5801.4669,5526.389264,8595.404263,9573.28034,10713.43327,11845.15622,12376.24409,12852.53718,12990.50039,13240.05945
183,Romania,84988.2868,74009.32081,67520.78815,68553.06925,71248.53669,76334.41038,79288.40453,75469.74994,73894.4862,73597.778,75360.5408,79574.69851,83700.00117,88323.80637,95706.47389,99699.23782,107730.5839,115124.9378,124863.3317,116039.4485,115112.9065,116328.8473,117074.5097,121209.1054,124937.8699,129514.2829,134243.3566
184,Rwanda,1647.870448,1587.685288,1693.210439,1547.128182,791.9382889,1057.416691,1214.76481,1388.925304,1516.752777,1614.899338,1749.743972,1898.612448,2148.884089,2196.3494,2360.320475,2581.465675,2819.870988,3034.543646,3373.273367,3584.709753,3846.847722,4148.899702,4513.519593,4724.955979,5053.976886,5405.220189,5781.221348
185,Russian Federation,844174.2515,801966.6213,685680.0722,626025.9041,546520.6274,524113.2767,505204.5088,512182.0602,484806.6549,515597.219,567392.3479,596278.9717,624565.1447,670132.5079,718220.8762,764015.9825,826309.5059,896835.685,943901.205,870079.777,909265.7829,948038.4813,981389.9239,993946.3557,1000968.736,963665.3169,963665.3169
188,Saint Kitts and Nevis,295.4041794,289.0578349,301.4216391,322.5373573,339.674253,359.2150938,380.3590913,406.5899103,403.8766986,417.562057,462.2174782,487.4720092,500.0593716,481.9812226,499.3647277,543.1661878,553.0074469,552.0322547,586.7656303,569.0450617,556.246682,569.5895209,566.168857,601.3839594,637.2448101,661.2237757,688.2100864
189,Saint Lucia,677.3260828,681.3111342,731.0247995,732.9962243,745.7652691,754.2056197,807.2592525,804.4618793,855.6586348,875.1799599,872.0087996,839.7273384,839.6167986,879.9705232,951.4472492,935.462963,1020.430569,1007.554588,1042.691611,1049.435362,1038.524272,1051.418427,1034.62088,1030.151796,1033.98164,1053.883184,1071.545512
191,Saint Vincent and the Grenadines,325.8005904,329.5008373,350.5134395,365.4138563,360.8544675,388.8835061,393.8889425,407.6979791,424.37073,435.8750776,443.0198554,450.5922233,479.0770873,515.9171003,537.3600733,550.7296296,593.0706339,607.4120149,622.6066384,609.5377336,589.0967264,586.6263535,594.725553,605.6226287,612.6001212,622.4206075,641.7159364
192,San Marino,1002.098612,1017.515373,1026.004254,1115.796133,1193.703792,1304.62317,1368.005672,1436.67005,1544.707637,1684.926634,1721.705388,1818.249614,1822.84696,1894.105793,1981.455333,2027.428774,2105.583625,2179.141131,2215.110449,1931.912025,1842.10863,1667.777339,1542.36432,1495.690534,1481.009058,1495.819148,1487.809224
193,Sao Tome and Principe,86.85659096,87.89974097,88.51503915,89.48870458,91.45745608,93.28660521,94.68590428,95.62928377,98.02000055,100.4705063,100.9209842,104.0136924,106.0971576,113.4857966,117.8348301,126.1937624,137.6971398,142.1772607,153.8161355,157.7746902,168.2649683,175.7803046,181.5085592,190.737975,203.7806807,211.840454,220.6655954
194,Saudi Arabia,209149.45,240538.349,250129.9123,246718.787,248097.2547,248623.4475,255180.7025,257997.3413,265462.1397,255472.0422,269843.3284,266576.3695,259061.1379,288184.8656,311119.9218,328461.1498,337619.9541,343856.3712,365346.5832,357823.0845,374862.276,412194.7078,434389.1204,445987.0291,462215.1231,477712.6281,496261.0234
195,Senegal,5126.937073,5106.604392,5219.640311,5103.847419,5250.311643,5498.439269,5785.509147,5966.250378,6318.179952,6720.006277,6934.148623,7251.796177,7299.281203,7786.204586,8244.272242,8707.815259,8922.164249,9362.783999,9707.570806,9942.802323,10358.34813,10540.77098,11005.74515,11389.32299,11880.32267,12654.76194,12907.66968
196,Seychelles,606.2012163,622.8287382,667.7699363,709.0682282,703.3333563,698.9690826,712.097972,819.4735311,911.4839613,929.1213979,927.9672098,907.2463698,918.7066973,860.5535179,843.1678815,919.1090909,1005.55338,1110.313377,1086.54695,1074.516907,1138.401564,1199.63218,1243.741111,1306.476445,1387.540519,1482.416971,1572.996527
197,Sierra Leone,1998.650036,1838.907925,1661.521453,1662.423673,1720.608404,1548.117425,1164.39075,959.506097,951.4708544,874.1945415,907.4776025,1072.365715,1355.634891,1481.81833,1579.343434,1650.494367,1720.209834,1858.830017,1959.202049,2021.63686,2129.726768,2264.155209,2607.812982,3148.202318,3291.872171,2623.581106,2089.779331
198,Slovenia,25452.09225,23186.82853,21919.96981,22543.24637,23744.23537,24719.44885,25588.65417,26897.3552,27781.1032,29246.37693,30461.69076,31360.11734,32563.18721,33488.66007,34946.01806,36344.90975,38400.57753,41066.20956,42421.44794,39113.73032,39597.86285,39854.9983,38783.13256,38361.58986,39561.81181,40478.31849,41189.60182
199,Slovakia,35190.90932,30073.83883,28091.19255,28625.298,30401.64959,32178.16857,34352.49479,36436.84719,37898.62561,37820.90712,38278.60566,39548.10345,41336.782,43576.70479,45868.33241,48964.88556,53103.83237,58838.82167,62151.31731,58781.13583,61744.71415,63485.35909,64537.40588,65499.43043,67183.32423,69757.17434,71976.61569
200,Singapore,50440.23193,53813.20868,57627.27417,64275.95606,71298.39743,76309.28149,82056.84614,88860.27584,86882.93055,92178.62284,100380.2568,99424.34554,103611.7873,108207.3101,118540.216,127417.8794,138707.3534,151345.7116,154051.1982,153121.6713,176457.9913,187411.6948,194289.9531,203373.4908,210003.5613,214221.1644,218523.4717
201,Somalia,2609.590851,2583.491941,2273.471708,2273.471708,1796.052254,1796.052254,1866.094585,1815.667709,1860.991865,1920.543605,1978.159913,2037.504711,2108.817375,2182.625984,2248.104763,2315.547906,2371.121056,2432.770203,2496.022228,2560.918806,2627.502695,2695.817765,2765.909027,2837.822662,2942.8221,3022.278297,3083.127502
202,South Africa,178330.6739,176514.7184,172742.5252,174873.5001,180529.0827,186153.8196,194170.8991,199310.1452,200341.3415,205065.6479,213585.2818,219427.743,227475.9963,234184.4328,244850.5265,257771.5624,272216.2166,286808.272,295960.4721,291408.3015,300266.4642,310127.5883,316991.9569,324378.8401,329662.4437,333831.3058,341037.2069
203,Spain,744040.4325,762983.7062,770073.4685,762130.224,780293.2758,801809.8163,823255.3349,853630.279,890387.4148,930320.4106,979525.9239,1018717.434,1048054.073,1081461.546,1115708.691,1157247.674,1205552.571,1250988.585,1264949.276,1219742.367,1219910.527,1207710.44,1172326.802,1152328.139,1168218.724,1205656.401,1242191.481
207,Suriname,1568.584328,1611.618047,1617.676758,1509.259555,1560.423136,1560.555577,1576.745709,1667.240533,1706.093976,1682.145391,1716.878846,1788.768856,1838.445661,1953.95433,2110.254521,2193.049196,2319.462529,2437.731266,2538.881969,2615.458877,2750.525982,2911.349073,2989.86636,3077.497015,3088.814781,3005.089683,3072.35814
208,Tajikistan,3828.56528,3556.737145,2525.283373,2111.1369,1661.46474,1455.443112,1211.479152,1231.899546,1297.011521,1344.959957,1456.556635,1595.707193,1768.485224,1964.966117,2166.72861,2312.320181,2464.793546,2652.546855,2853.594676,2968.38696,3162.389398,3238.63612,3483.016579,3741.765135,3991.927093,4159.588031,4334.290729
209,Swaziland,1946.323924,1980.584357,2044.492913,2107.988155,2158.596661,2262.767402,2349.704582,2422.605194,2485.697328,2559.051422,2604.096158,2653.51017,2739.585231,2864.373445,2953.544841,3106.889814,3264.54806,3396.887847,3547.146213,3638.300329,3704.227372,3774.67482,3904.067799,4082.620886,4194.83101,4264.355606,4335.032494
210,Sweden,276688.385,273517.6057,270348.6506,264764.2846,275586.7947,286677.2521,291028.615,299469.8501,312127.8169,326267.6838,341717.3954,347059.8403,354256.3941,362708.0314,378378.94,389042.9057,407281.7318,421149.4667,418803.4635,397089.932,420871.3563,432085.0862,430847.9375,436195.6433,447555.6023,465838.07,478375.1533
211,Switzerland,335794.7066,332719.4432,332573.935,332154.9468,336372.5098,337990.0124,340021.6486,347883.1101,358127.4761,364012.8428,378377.1628,383850.7471,384401.1675,384592.2462,395526.0052,407543.2929,423897.1311,441447.9491,451500.7787,441885.5346,454938.0235,463147.6254,468001.8879,476335.0337,485846.9021,489938.8841,495928.8379
212,Syrian Arab Republic,12566.77277,13559.70751,15386.24537,16183.09703,17350.38678,18569.50096,20394.08472,21418.66698,22871.98543,22059.19354,22208.23485,23050.68279,24862.1079,25009.01338,26735.30009,28396.9965,29829.91413,31522.69048,32933.83252,34881.04209,36080.78656,33807.697,26234.77288,19728.5492,19807.4634,18757.66784,16301.07097
213,Turkmenistan,14069.44212,13421.50728,11412.8463,11584.03899,9580.016437,8890.251296,9485.897478,8404.505111,9001.225001,10486.4271,11059.93653,11540.36308,11570.04263,11948.24749,12545.70855,14181.71453,15737.03671,17477.44273,20046.62681,21269.47107,23226.2624,26640.52296,29597.621,32616.57837,35976.08593,38314.53149,41871.67111
215,Tanzania,8777.747134,9278.217268,9611.193143,10016.13712,10323.35773,10691.17351,11166.54248,11543.55359,11966.20239,12553.24674,13168.52852,13968.62677,14974.02913,16001.56066,17249.11042,18509.84993,19378.23446,21009.26378,22171.99748,23369.83319,24844.50667,26816.53394,28193.3326,30240.8723,32347.18261,34595.30772,36954.53463
216,Thailand,92968.18135,100797.4416,110121.5991,119693.8555,129287.2592,139808.733,147727.3919,143651.3522,132661.4895,138740.4557,145015.441,149928.7701,159490.4143,170956.7351,181708.7269,189318.3826,198723.4726,209524.2467,213139.9112,211566.3423,227448.0156,229344.2375,245927.996,252573.2866,254638.4091,261840.4371,271354.2489
217,Togo,1814.579512,1818.687543,1759.046948,1471.82149,1676.910275,1790.451163,1927.650887,2001.070431,1957.233478,2008.541407,1989.192472,1963.863187,1938.852429,2032.847094,2084.401723,2110.217107,2192.539926,2238.222849,2290.964476,2367.748115,2462.402445,2582.562239,2732.969705,2873.413733,3048.39076,3215.298354,3314.597602
219,Tonga,187.7368606,192.2176579,198.3373139,197.4490775,207.2277959,215.5971339,215.5083469,213.79122,220.1892974,229.6182556,236.8272212,244.3024031,253.0503772,258.2714995,257.4790346,261.5494223,259.4241756,248.6178367,256.3263585,262.1978026,271.5993174,279.1637547,281.6492126,272.860057,278.3352687,288.8336269,298.2631621
220,Trinidad and Tobago,7024.982791,7213.517411,7094.649163,6991.891265,7240.948545,7527.4515,8057.625004,8677.42609,9385.16765,10134.03245,10833.54936,11285.69415,12180.70463,13939.725,15047.94368,15982.3903,18142.30957,18981.22373,19416.70833,19317.54373,19358.31332,19301.33127,19551.08643,19993.04531,19789.95975,19825.24139,19852.81658
221,Oman,18992.59354,20139.32613,21850.18993,23192.70613,24084.68096,25247.54221,25978.44255,27583.06709,28329.07917,28156.32302,29461.25911,31103.16934,30760.85867,29939.86075,30326.71745,31081.99172,32751.73755,34210.0723,37015.19417,39277.77005,41164.11194,40708.68069,44507.50762,46454.02304,47634.67537,50327.15421,52816.92492
222,Tunisia,16428.06373,17069.3471,18401.73405,18804.24825,19402.70332,19858.37977,21278.57138,22435.98957,23549.47874,24966.47634,26039.86766,27302.74223,27766.89538,29285.76403,31030.95076,32272.17686,34096.91988,36229.18042,37844.90868,39026.6237,40181.56719,39411.00408,40948.29738,41949.4162,42895.69049,43238.85601,43995.5936
223,Turkey,269683.9019,272182.5669,288470.7412,311669.6165,294665.973,315856.0471,337982.7722,363428.8223,374665.545,362056.7607,386584.1341,364558.5941,387029.4012,407407.5262,445552.3088,482985.9112,516280.4935,540383.4583,543943.7122,517693.6675,565098.6328,614673.3096,627750.2422,654068.7292,673129.2266,699952.4845,729492.0873
224,Turks and Caicos Islands,156.716765,172.8623881,189.8394063,212.4692689,240.1279903,257.7289951,282.24468,303.2603698,336.2459628,365.6517256,383.5635393,410.584007,415.3587649,454.144393,505.9248007,578.645758,682.1777067,720.6478253,780.2582291,627.7157083,633.8986955,663.1875377,646.3926659,654.8953141,685.1733159,713.4000629,714.5343748
225,United Arab Emirates,81923.54881,82628.1768,85392.32205,86469.20285,93907.56684,101625.306,107580.7828,116887.4682,118792.6517,124001.8346,139150.824,141065.0613,144497.7031,157214.3363,172254.2871,180617.468,198385.3126,204702.6847,211236.4466,200161.4847,203435.0238,214029.4979,228567.7082,239376.3553,246748.9981,256020.8575,269696.0588
226,Uganda,3959.023147,4176.996022,4370.39579,4678.827088,5184.305505,5671.206954,6024.204057,6355.497078,6947.640372,7406.394272,7752.84649,8432.419752,9027.490553,9583.48147,10139.64372,11154.35966,11940.67078,12903.54961,14249.1312,15231.60325,16480.43608,17448.1467,18011.91969,18857.6118,19772.70506,20836.47503,22028.18118
227,Tuvalu,14.31939431,14.83622423,15.24996691,15.87685023,17.50953182,16.63328794,15.64172288,16.52071749,19.7808969,19.67578441,22.30006848,23.62632,23.91047622,23.13120262,22.78227914,21.89713931,22.30820533,23.72480539,25.61869658,24.48236187,23.81262696,25.82565001,25.87299729,26.20727672,26.79327109,27.72751768,28.51006448
229,United Kingdom,1723237.799,1703955.043,1710087.107,1752959.225,1821063.001,1866705.63,1914282.999,1974146.045,2037136.689,2104022.98,2182817.851,2242323.808,2296077.877,2375665.422,2435719.325,2508111.237,2570889.476,2636596.76,2620059.888,2506670.571,2554677.369,2593229.029,2627278.608,2677487.963,2759699.797,2821006.586,2877613.626
230,Ukraine,142796.524,130375.1258,117407.6184,100710.0066,77613.12605,68182.67562,61334.66936,59501.82972,58345.12409,58251.28781,61682.72014,67130.66933,70715.21024,77444.90091,86579.79999,89238.86512,95995.51508,103882.3573,106212.9492,90136.06026,93824.43178,98933.43556,99084.12599,99129.14892,92633.65047,83490.91409,77765.80798
231,United States of America,8228651.022,8222671.833,8515008.151,8748748.422,9101888.486,9359503.749,9714779.395,10150684.03,10602380.71,11099123.58,11553318.92,11666077.49,11874448.25,12207737.69,12669891.05,13093726,13442886.78,13681978.42,13642078.19,13263439.01,13599258.28,13817044.15,14124339.2,14361251.57,14701678.96,15083356.31,15496477.28
233,Burkina Faso,2415.492082,2634.672843,2640.677795,2732.253318,2768.06857,2926.341957,3248.671256,3453.884437,3706.284435,3937.618914,4011.979819,4277.308323,4463.498007,4811.762166,5027.254632,5462.709055,5804.301248,6042.938072,6393.427981,6582.798176,7138.799846,7611.882552,8103.052395,8573.03011,8950.289297,9314.76754,9731.637521
234,Uruguay,12653.3766,13055.80829,14244.31047,14615.38074,15680.71152,15453.28136,16312.72799,17117.11258,17890.61608,17543.67908,17205.10977,16543.71574,15264.55761,15387.48131,16157.50084,17362.83938,18074.48138,19256.82024,20638.72117,21514.5474,23193.40158,24390.69228,25253.65617,26424.79035,27280.6252,27548.62586,28025.70064
235,Uzbekistan,11171.45378,11116.49024,9871.443324,9644.920024,9143.478519,9061.186981,9215.227629,9694.419079,10120.97333,10566.29601,10988.9479,11483.45056,11965.75549,12492.24872,13454.15188,14395.94251,15446.8463,16914.29671,18507.49335,20006.60031,21707.16134,23508.85573,25436.58189,27471.50844,29696.70064,31716.07627,33872.76944
236,Venezuela (Bolivarian Republic of),104315.8087,114465.62,121402.7783,121737.107,118876.8841,123574.4977,123330.0211,131187.2923,131572.9423,123717.3184,128278.8098,132632.9323,120887.3421,111512.2636,131903.8568,145513.5782,159878.9608,173874.3321,183051.112,177189.1076,174551.1743,181841.3034,192071.5051,194651.2624,187070.7449,175432.3798,175120.1372
237,Viet Nam,19540.12747,20704.88478,22495.03735,24310.99988,26459.84476,28984.24088,31691.37523,34274.75741,36250.49419,37980.65331,40558.96609,43355.50594,46424.99766,49833.14731,53588.77792,57633.25574,61654.87828,66050.56559,69790.1975,73557.40085,78282.16794,83167.22673,87531.31571,92277.15318,97798.68076,104330.9557,111532.3071
238,Ethiopia,6771.422759,6282.668547,5723.047444,6487.823742,6714.017228,7124.985228,8089.185455,8318.954162,7982.422088,8394.507389,8904.294108,9643.477875,9789.535182,9577.975101,10877.96791,12163.58502,13481.49146,15025.91587,16647.01066,18112.34636,20385.54241,23067.33961,25062.15172,27714.29117,30563.095,33499.44981,37152.16973
239,British Virgin Islands,239.033559,215.1855142,259.5473713,337.3706123,427.289414,530.4889423,571.9125121,632.0435005,697.5194657,764.3316751,829.6857213,867.9606428,838.8877389,733.5023997,760.9199991,870,881.7872652,887.9879326,882.660005,917.1388786,929.0616844,914.432757,872.0452701,869.2482183,866.9456184,857.416813,889.1357915
244,Samoa,260.3334804,254.345792,253.837125,264.2444158,257.5270679,273.0694928,293.5759921,297.6810201,304.3778528,313.9077057,336.1581971,363.2183222,374.7390935,395.9275389,413.3628588,434.2606943,436.8162633,463.8019933,457.8183237,439.2283895,458.2018576,474.4932341,463.7780454,466.3049984,475.0302406,488.2679805,497.9024218
249,Yemen,7542.340876,7565.804609,7936.47065,8259.355579,8438.067047,9843.363923,11863.7489,12484.32532,13077.00866,13666.96525,14707.334,15579.96255,16365.94657,17308.13318,18110.46219,19041.16298,19924.79763,20617.19346,21444.84917,22331.55261,23603.51787,20590.35063,21006.11361,20668.646,18692.15329,13440.24984,13440.24984
250,Democratic Republic of the Congo,17657.85469,16170.87765,14472.93411,12523.5673,12035.14858,12119.39448,11995.39215,11321.60538,11137.72507,10662.12852,9925.343985,9716.864706,10003.2072,10561.12138,11272.86289,11964.55831,12601.17975,13389.94043,14223.43552,14629.6325,15669.49676,16746.71004,17933.64925,19454.61954,21297.04462,22783.74666,24374.23224
251,Zambia,5337.473399,5233.093358,5142.512592,5492.063259,5018.343724,5163.76563,5484.869896,5694.065124,5672.104829,5935.862543,6167.21321,6495.108516,6787.77368,7259.191483,7769.690284,8331.863429,8990.399078,9741.303265,10498.59519,11466.59147,12647.44909,13357.67713,14369.1958,15106.59694,15865.68685,16321.32644,17219.62968
255,Belgium,283707.5464,288908.1164,293330.3024,290508.8372,299883.4745,307034.9673,311927.7882,323500.9235,329891.7218,341646.0726,354060.9489,356934.6636,363289.0043,366102.6712,379409.6858,387356.3647,397036.923,410526.2254,413594.0231,404142.9331,415035.1695,422491.8157,423070.8478,420025.5681,429775.8246,436223.4538,445636.4804
256,Luxembourg,18844.98818,20473.98493,20846.54036,21722.23014,22552.21942,22875.21235,23315.15894,24615.93164,26248.50642,28523.73426,31223.76452,32655.36086,33837.72022,34310.6514,35824.16704,36976.4463,38866.18865,42129.18416,41774.02263,39527.85752,41810.67054,42652.03915,42654.48835,44443.53947,46535.14677,48178.93446,49953.78696
258,Anguilla,108.6729167,88.9323453,114.4598382,122.9591479,132.8035661,129.7216424,132.9735525,147.1858769,162.358993,168.3454636,170.4887676,174.6035061,167.9574495,177.4471997,202.516226,229.1148148,275.5761726,312.3323488,307.7939287,251.1354877,239.9510109,249.7567272,234.1307744,232.7161086,244.6689572,251.8859069,263.8586173
272,Serbia,38103.9201,33659.4545,24187.72863,16827.53958,17264.19805,18246.02329,18688.70036,20031.45162,20518.30794,18026.03338,19424.71149,20394.53119,21845.76293,22810.34391,24873.88445,26252.00401,27539.49408,29161.22909,30726.21972,29768.79869,29942.79125,30362.42935,30054.16802,30827.08202,30262.54542,30491.84895,30295.17719
273,Montenegro,2636.160551,2351.323573,1798.67175,1141.617527,1158.639657,1324.321723,1689.730117,1800.941366,1883.7824,1727.178803,1977.971519,1999.726071,2037.799475,2088.391198,2180.828557,2272.000343,2466.624416,2729.519305,2918.474825,2753.380037,2821.213068,2912.269105,2832.945943,2933.485828,2985.809914,3119.028873,3258.191711
275,Kosovo,#N/A,#N/A,#N/A,#N/A,#N/A,#N/A,#N/A,#N/A,#N/A,2825.707099,2987.258889,3755.974336,3799.775786,3577.062182,3543.170981,3679.716667,3805.069424,4120.933946,4418.597016,4577.543113,4728.998501,4935.986803,5074.671184,5249.315664,5313.504421,5531.107326,5768.227684
276,Sudan,#N/A,#N/A,#N/A,#N/A,#N/A,#N/A,#N/A,#N/A,#N/A,#N/A,#N/A,#N/A,#N/A,#N/A,#N/A,#N/A,#N/A,#N/A,30656.12206,33574.80235,35904.49492,35796.78144,35009.25224,36864.74261,37454.5785,39289.85284,40707.56668
277,South Sudan,#N/A,#N/A,#N/A,#N/A,#N/A,#N/A,#N/A,#N/A,#N/A,#N/A,#N/A,#N/A,#N/A,#N/A,#N/A,#N/A,#N/A,#N/A,9854.093327,10350.9747,10919.51954,10412.9658,5614.407776,7114.687623,8261.742776,8429.397189,8429.397189
279,Curaçao,#N/A,#N/A,#N/A,#N/A,#N/A,#N/A,#N/A,#N/A,#N/A,#N/A,#N/A,#N/A,#N/A,#N/A,#N/A,2344.637262,2382.994,2441.853008,2495.281885,2482.024203,2484.067064,2499.284681,2495.81272,2475.993297,2447.795746,2454.617645,2461.458557
280,Sint Maarten (Dutch Part),#N/A,#N/A,#N/A,#N/A,#N/A,#N/A,#N/A,#N/A,#N/A,#N/A,#N/A,#N/A,#N/A,#N/A,#N/A,707.9548168,741.9128494,772.2224981,781.7082956,779.9121683,788.3876442,790.5205455,801.3689778,811.7457392,825.4241973,829.5513183,838.8654242
299,State of Palestine,2038.601375,1952.75021,2419.111195,2675.209584,3103.243117,3324.147852,3364.541285,3858.026143,4411.043467,4776.296804,4367.628082,3960.973995,3466.280355,3952.1096,4360.879054,4831.8,4643.33089,4949.353956,5250.239702,5705.043567,6167.100119,6932.661442,7368.326274,7531.713178,7518.013659,7778.203778,8143.419059
